albumId,title,tracks.0.name,tracks.0.genre.name,tracks.1.name,tracks.1.genre.name,tracks.2.name,tracks.2.genre.name,tracks.3.name,tracks.3.genre.name,tracks.4.name,tracks.4.genre.name,tracks.5.name,tracks.5.genre.name,tracks.6.name,tracks.6.genre.name,tracks.7.name,tracks.7.genre.name,tracks.8.name,tracks.8.genre.name,tracks.9.name,tracks.9.genre.name,artist.name
1,For Those About To Rock We Salute You,For Those About To Rock (We Salute You),Rock,Put The Finger On You,Rock,Let's Get It Up,Rock,Inject The Venom,Rock,Snowballed,Rock,Evil Walks,Rock,C.O.D.,Rock,Breaking The Rules,Rock,Night Of The Long Knives,Rock,Spellbound,Rock,AC/DC
2,Balls to the Wall,Balls to the Wall,Rock,,,,,,,,,,,,,,,,,,,Accept
3,Restless and Wild,Fast As a Shark,Rock,Restless and Wild,Rock,Princess of the Dawn,Rock,,,,,,,,,,,,,,,Accept
4,Let There Be Rock,Go Down,Rock,Dog Eat Dog,Rock,Let There Be Rock,Rock,Bad Boy Boogie,Rock,Problem Child,Rock,Overdose,Rock,Hell Ain't A Bad Place To Be,Rock,Whole Lotta Rosie,Rock,,,,,AC/DC
5,Big Ones,Walk On Water,Rock,Love In An Elevator,Rock,Rag Doll,Rock,What It Takes,Rock,Dude (Looks Like A Lady),Rock,Janie's Got A Gun,Rock,Cryin',Rock,Amazing,Rock,Blind Man,Rock,Deuces Are Wild,Rock,Aerosmith
6,Jagged Little Pill,All I Really Want,Rock,You Oughta Know,Rock,Perfect,Rock,Hand In My Pocket,Rock,Right Through You,Rock,Forgiven,Rock,You Learn,Rock,Head Over Feet,Rock,Mary Jane,Rock,Ironic,Rock,Alanis Morissette
7,Facelift,We Die Young,Rock,Man In The Box,Rock,Sea Of Sorrow,Rock,Bleed The Freak,Rock,I Can't Remember,Rock,"Love, Hate, Love",Rock,It Ain't Like That,Rock,Sunshine,Rock,Put You Down,Rock,Confusion,Rock,Alice In Chains
8,Warner 25 Anos,Desafinado,Jazz,Garota De Ipanema,Jazz,Samba De Uma Nota Só (One Note Samba),Jazz,Por Causa De Você,Jazz,Ligia,Jazz,Fotografia,Jazz,Dindi (Dindi),Jazz,Se Todos Fossem Iguais A Você (Instrumental),Jazz,Falando De Amor,Jazz,Angela,Jazz,Antônio Carlos Jobim
9,Plays Metallica By Four Cellos,Enter Sandman,Metal,Master Of Puppets,Metal,Harvester Of Sorrow,Metal,The Unforgiven,Metal,Sad But True,Metal,Creeping Death,Metal,Wherever I May Roam,Metal,Welcome Home (Sanitarium),Metal,,,,,Apocalyptica
10,Audioslave,Cochise,Rock,Show Me How to Live,Rock,Gasoline,Rock,What You Are,Rock,Like a Stone,Rock,Set It Off,Rock,Shadow on the Sun,Rock,I am the Highway,Rock,Exploder,Rock,Hypnotize,Rock,Audioslave
11,Out Of Exile,Your Time Has Come,Alternative & Punk,Out Of Exile,Alternative & Punk,Be Yourself,Alternative & Punk,Doesn't Remind Me,Alternative & Punk,Drown Me Slowly,Alternative & Punk,Heaven's Dead,Alternative & Punk,The Worm,Alternative & Punk,Man Or Animal,Alternative & Punk,Yesterday To Tomorrow,Alternative & Punk,Dandelion,Alternative & Punk,Audioslave
12,BackBeat Soundtrack,Money,Rock And Roll,Long Tall Sally,Rock And Roll,Bad Boy,Rock And Roll,Twist And Shout,Rock And Roll,Please Mr. Postman,Rock And Roll,C'Mon Everybody,Rock And Roll,Rock 'N' Roll Music,Rock And Roll,Slow Down,Rock And Roll,Roadrunner,Rock And Roll,Carol,Rock And Roll,BackBeat
13,The Best Of Billy Cobham,Quadrant,Jazz,Snoopy's search-Red baron,Jazz,"Spanish moss-""A sound portrait""-Spanish moss",Jazz,Moon germs,Jazz,Stratus,Jazz,The pleasant pheasant,Jazz,Solo-Panhandler,Jazz,Do what cha wanna,Jazz,,,,,Billy Cobham
14,Alcohol Fueled Brewtality Live! [Disc 1],Intro/ Low Down,Metal,13 Years Of Grief,Metal,Stronger Than Death,Metal,All For You,Metal,Super Terrorizer,Metal,Phoney Smile Fake Hellos,Metal,Lost My Better Half,Metal,Bored To Tears,Metal,A.N.D.R.O.T.A.Z.,Metal,Born To Booze,Metal,Black Label Society
15,Alcohol Fueled Brewtality Live! [Disc 2],Heart Of Gold,Metal,Snowblind,Metal,Like A Bird,Metal,Blood In The Wall,Metal,The Beginning...At Last,Metal,,,,,,,,,,,Black Label Society
16,Black Sabbath,Black Sabbath,Metal,The Wizard,Metal,Behind The Wall Of Sleep,Metal,N.I.B.,Metal,Evil Woman,Metal,Sleeping Village,Metal,Warning,Metal,,,,,,,Black Sabbath
17,Black Sabbath Vol. 4 (Remaster),Wheels Of Confusion / The Straightener,Metal,Tomorrow's Dream,Metal,Changes,Metal,FX,Metal,Supernaut,Metal,Snowblind,Metal,Cornucopia,Metal,Laguna Sunrise,Metal,St. Vitus Dance,Metal,Under The Sun/Every Day Comes and Goes,Metal,Black Sabbath
18,Body Count,Smoked Pork,Alternative & Punk,Body Count's In The House,Alternative & Punk,Now Sports,Alternative & Punk,Body Count,Alternative & Punk,A Statistic,Alternative & Punk,Bowels Of The Devil,Alternative & Punk,The Real Problem,Alternative & Punk,KKK Bitch,Alternative & Punk,D Note,Alternative & Punk,Voodoo,Alternative & Punk,Body Count
19,Chemical Wedding,King In Crimson,Metal,Chemical Wedding,Metal,The Tower,Metal,Killing Floor,Metal,Book Of Thel,Metal,Gates Of Urizen,Metal,Jerusalem,Metal,Trupets Of Jericho,Metal,Machine Men,Metal,The Alchemist,Metal,Bruce Dickinson
20,The Best Of Buddy Guy - The Millenium Collection,First Time I Met The Blues,Blues,Let Me Love You Baby,Blues,Stone Crazy,Blues,Pretty Baby,Blues,When My Left Eye Jumps,Blues,Leave My Girl Alone,Blues,She Suits Me To A Tee,Blues,Keep It To Myself (Aka Keep It To Yourself),Blues,My Time After Awhile,Blues,Too Many Ways (Alternate),Blues,Buddy Guy
21,Prenda Minha,Jorge Da Capadócia,Latin,Prenda Minha,Latin,Meditação,Latin,Terra,Latin,Eclipse Oculto,Latin,"Texto ""Verdade Tropical""",Latin,Bem Devagar,Latin,Drão,Latin,Saudosismo,Latin,Carolina,Latin,Caetano Veloso
22,Sozinho Remix Ao Vivo,Sozinho (Hitmakers Classic Mix),Latin,Sozinho (Hitmakers Classic Radio Edit),Latin,Sozinho (Caêdrum 'n' Bass),Latin,,,,,,,,,,,,,,,Caetano Veloso
23,Minha Historia,Carolina,Latin,Essa Moça Ta Diferente,Latin,Vai Passar,Latin,Samba De Orly,Latin,"Bye, Bye Brasil",Latin,Atras Da Porta,Latin,Tatuagem,Latin,O Que Será (À Flor Da Terra),Latin,Morena De Angola,Latin,Apesar De Você,Latin,Chico Buarque
24,Afrociberdelia,Mateus Enter,Latin,O Cidadão Do Mundo,Latin,Etnia,Latin,Quilombo Groove [Instrumental],Latin,Macô,Latin,Um Passeio No Mundo Livre,Latin,Samba Do Lado,Latin,Maracatu Atômico,Latin,O Encontro De Isaac Asimov Com Santos Dumont No Céu,Latin,Corpo De Lama,Latin,Chico Science & Nação Zumbi
25,Da Lama Ao Caos,Banditismo Por Uma Questa,Latin,Banditismo Por Uma Questa,Latin,Rios Pontes & Overdrives,Latin,Cidade,Latin,Praiera,Latin,Samba Makossa,Latin,Da Lama Ao Caos,Latin,Maracatu De Tiro Certeiro,Latin,Salustiano Song,Latin,Antene Se,Latin,Chico Science & Nação Zumbi
26,Acústico MTV [Live],Girassol,Reggae,A Sombra Da Maldade,Reggae,Johnny B. Goode,Reggae,Soldado Da Paz,Reggae,Firmamento,Reggae,Extra,Reggae,O Erê,Reggae,Podes Crer,Reggae,A Estrada,Reggae,Berlim,Reggae,Cidade Negra
27,Cidade Negra - Hits,Onde Você Mora?,Reggae,O Erê,Reggae,A Sombra Da Maldade,Reggae,A Estrada,Reggae,Falar A Verdade,Reggae,Firmamento,Reggae,Pensamento,Reggae,Realidade Virtual,Reggae,Doutor,Reggae,Na Frente Da TV,Reggae,Cidade Negra
28,Na Pista,Noite Do Prazer,Latin,À Francesa,Latin,Cada Um Cada Um (A Namoradeira),Latin,Linha Do Equador,Latin,Amor Demais,Latin,Férias,Latin,Gostava Tanto De Você,Latin,Flor Do Futuro,Latin,Felicidade Urgente,Latin,Livre Pra Viver,Latin,Cláudio Zoli
29,Axé Bahia 2001,"Dig-Dig, Lambe-Lambe (Ao Vivo)",Pop,Pererê,Pop,TriboTchan,Pop,"Tapa Aqui, Descobre Ali",Pop,Daniela,Pop,Bate Lata,Pop,Garotas do Brasil,Pop,Levada do Amor (Ailoviu),Pop,Lavadeira,Pop,Reboladeira,Pop,Various Artists
30,BBC Sessions [Disc 1] [Live],You Shook Me,Rock,I Can't Quit You Baby,Rock,Communication Breakdown,Rock,Dazed and Confused,Rock,The Girl I Love She Got Long Black Wavy Hair,Rock,What is and Should Never Be,Rock,Communication Breakdown(2),Rock,Travelling Riverside Blues,Rock,Whole Lotta Love,Rock,Somethin' Else,Rock,Led Zeppelin
31,Bongo Fury,Debra Kadabra,Rock,Carolina Hard-Core Ecstasy,Rock,Sam With The Showing Scalp Flat Top,Rock,Poofter's Froth Wyoming Plans Ahead,Rock,200 Years Old,Rock,Cucamonga,Rock,Advance Romance,Rock,Man With The Woman Head,Rock,Muffin Man,Rock,,,Frank Zappa & Captain Beefheart
32,Carnaval 2001,Vai-Vai 2001,Soundtrack,X-9 2001,Soundtrack,Gavioes 2001,Soundtrack,Nene 2001,Soundtrack,Rosas De Ouro 2001,Soundtrack,Mocidade Alegre 2001,Soundtrack,Camisa Verde 2001,Soundtrack,Leandro De Itaquera 2001,Soundtrack,Tucuruvi 2001,Soundtrack,Aguia De Ouro 2001,Soundtrack,Various Artists
33,Chill: Brazil (Disc 1),Guanabara,Latin,Mas Que Nada,Latin,Vôo Sobre o Horizonte,Latin,A Paz,Latin,Wave (Vou te Contar),Latin,Água de Beber,Latin,Samba da Bençaco,Latin,Pode Parar,Latin,Menino do Rio,Latin,Ando Meio Desligado,Latin,Marcos Valle
34,Chill: Brazil (Disc 2),Garota De Ipanema,Latin,Tim Tim Por Tim Tim,Latin,Tarde Em Itapoã,Latin,Tanto Tempo,Latin,Eu Vim Da Bahia - Live,Latin,Alô Alô Marciano,Latin,Linha Do Horizonte,Latin,Only A Dream In Rio,Latin,Abrir A Porta,Latin,Alice,Latin,Antônio Carlos Jobim
35,Garage Inc. (Disc 1),Free Speech For The Dumb,Metal,It's Electric,Metal,Sabbra Cadabra,Metal,Turn The Page,Metal,Die Die My Darling,Metal,Loverman,Metal,Mercyful Fate,Metal,Astronomy,Metal,Whiskey In The Jar,Metal,Tuesday's Gone,Metal,Metallica
36,Greatest Hits II,A Kind Of Magic,Rock,Under Pressure,Rock,Radio GA GA,Rock,I Want It All,Rock,I Want To Break Free,Rock,Innuendo,Rock,It's A Hard Life,Rock,Breakthru,Rock,Who Wants To Live Forever,Rock,Headlong,Rock,Queen
37,Greatest Kiss,Detroit Rock City,Rock,Black Diamond,Rock,Hard Luck Woman,Rock,Sure Know Something,Rock,Love Gun,Rock,Deuce,Rock,Goin' Blind,Rock,Shock Me,Rock,Do You Love Me,Rock,She,Rock,Kiss
38,Heart of the Night,Heart of the Night,Jazz,De La Luz,Jazz,Westwood Moon,Jazz,Midnight,Jazz,Playtime,Jazz,Surrender,Jazz,Valentino's,Jazz,Believe,Jazz,As We Sleep,Jazz,When Evening Falls,Jazz,Spyro Gyra
39,International Superhits,Maria,Alternative & Punk,Poprocks And Coke,Alternative & Punk,Longview,Alternative & Punk,Welcome To Paradise,Alternative & Punk,Basket Case,Alternative & Punk,When I Come Around,Alternative & Punk,She,Alternative & Punk,J.A.R. (Jason Andrew Relva),Alternative & Punk,Geek Stink Breath,Alternative & Punk,Brain Stew,Alternative & Punk,Green Day
40,Into The Light,Into The Light,Rock,River Song,Rock,She Give Me ...,Rock,Don't You Cry,Rock,Love Is Blind,Rock,Slave,Rock,Cry For Love,Rock,Living On Love,Rock,Midnight Blue,Rock,Too Many Tears,Rock,David Coverdale
41,Meus Momentos,Grito De Alerta,Latin,Não Dá Mais Pra Segurar (Explode Coração),Latin,Começaria Tudo Outra Vez,Latin,O Que É O Que É ?,Latin,Sangrando,Latin,"Diga Lá, Coração",Latin,Lindo Lago Do Amor,Latin,Eu Apenas Queria Que Voçê Soubesse,Latin,Com A Perna No Mundo,Latin,E Vamos À Luta,Latin,Gonzaguinha
42,Minha História,Balada Do Louco,Alternative & Punk,Ando Meio Desligado,Alternative & Punk,Top Top,Alternative & Punk,Baby,Alternative & Punk,A E O Z,Alternative & Punk,Panis Et Circenses,Alternative & Punk,Chão De Estrelas,Alternative & Punk,Vida De Cachorro,Alternative & Punk,Bat Macumba,Alternative & Punk,Desculpe Babe,Alternative & Punk,Os Mutantes
43,MK III The Final Concerts [Disc 1],Burn,Rock,Stormbringer,Rock,Gypsy,Rock,Lady Double Dealer,Rock,Mistreated,Rock,Smoke On The Water,Rock,You Fool No One,Rock,,,,,,,Deep Purple
44,Physical Graffiti [Disc 1],Custard Pie,Rock,The Rover,Rock,In My Time Of Dying,Rock,Houses Of The Holy,Rock,Trampled Under Foot,Rock,Kashmir,Rock,,,,,,,,,Led Zeppelin
45,Sambas De Enredo 2001,Imperatriz,Latin,Beija-Flor,Latin,Viradouro,Latin,Mocidade,Latin,Unidos Da Tijuca,Latin,Salgueiro,Latin,Mangueira,Latin,União Da Ilha,Latin,Grande Rio,Latin,Portela,Latin,Various Artists
46,Supernatural,(Da Le) Yaleo,Rock,Love Of My Life,Rock,Put Your Lights On,Rock,Africa Bamba,Rock,Smooth,Rock,Do You Like The Way,Rock,Maria Maria,Rock,Migra,Rock,Corazon Espinado,Rock,Wishing It Was,Rock,Santana
47,The Best of Ed Motta,Solução,Latin,Manuel,Latin,Entre E Ouça,Latin,Um Contrato Com Deus,Latin,Um Jantar Pra Dois,Latin,Vamos Dançar,Latin,Um Love,Latin,Seis Da Tarde,Latin,Baixo Rio,Latin,Sombras Do Meu Destino,Latin,Ed Motta
48,The Essential Miles Davis [Disc 1],Now's The Time,Jazz,Jeru,Jazz,Compulsion,Jazz,Tempus Fugit,Jazz,Walkin',Jazz,'Round Midnight,Jazz,Bye Bye Blackbird,Jazz,New Rhumba,Jazz,Generique,Jazz,Summertime,Jazz,Miles Davis
49,The Essential Miles Davis [Disc 2],My Funny Valentine (Live),Jazz,E.S.P.,Jazz,Nefertiti,Jazz,Petits Machins (Little Stuff),Jazz,Miles Runs The Voodoo Down,Jazz,Little Church (Live),Jazz,Black Satin,Jazz,Jean Pierre (Live),Jazz,Time After Time,Jazz,Portia,Jazz,Miles Davis
50,The Final Concerts (Disc 2),Space Truckin',Rock,Going Down / Highway Star,Rock,Mistreated (Alternate Version),Rock,You Fool No One (Alternate Version),Rock,,,,,,,,,,,,,Deep Purple
51,Up An' Atom,Jeepers Creepers,Jazz,Blue Rythm Fantasy,Jazz,Drum Boogie,Jazz,Let Me Off Uptown,Jazz,Leave Us Leap,Jazz,Opus No.1,Jazz,Boogie Blues,Jazz,How High The Moon,Jazz,Disc Jockey Jump,Jazz,Up An' Atom,Jazz,Gene Krupa
52,Vinícius De Moraes - Sem Limite,Samba Da Bênção,Bossa Nova,Pot-Pourri N.º 4,Bossa Nova,Onde Anda Você,Bossa Nova,Samba Da Volta,Bossa Nova,Canto De Ossanha,Bossa Nova,Pot-Pourri N.º 5,Bossa Nova,Formosa,Bossa Nova,Como É Duro Trabalhar,Bossa Nova,Minha Namorada,Bossa Nova,Por Que Será,Bossa Nova,Toquinho & Vinícius
53,Vozes do MPB,Linha de Passe (João Bosco),Latin,Pela Luz dos Olhos Teus (Miúcha e Tom Jobim),Latin,Chão de Giz (Elba Ramalho),Latin,Marina (Dorival Caymmi),Latin,Aquarela (Toquinho),Latin,Coração do Agreste (Fafá de Belém),Latin,Dona (Roupa Nova),Latin,Começaria Tudo Outra Vez (Maria Creuza),Latin,Caçador de Mim (Sá & Guarabyra),Latin,Romaria (Renato Teixeira),Latin,Various Artists
54,"Chronicle, Vol. 1",Susie Q,Rock,I Put A Spell On You,Rock,Proud Mary,Rock,Bad Moon Rising,Rock,Lodi,Rock,Green River,Rock,Commotion,Rock,Down On The Corner,Rock,Fortunate Son,Rock,Travelin' Band,Rock,Creedence Clearwater Revival
55,"Chronicle, Vol. 2",Walking On The Water,Rock,"Suzie-Q, Pt. 2",Rock,Born On The Bayou,Rock,Good Golly Miss Molly,Rock,Tombstone Shadow,Rock,Wrote A Song For Everyone,Rock,Night Time Is The Right Time,Rock,Cotton Fields,Rock,It Came Out Of The Sky,Rock,Don't Look Now,Rock,Creedence Clearwater Revival
56,Cássia Eller - Coleção Sem Limite [Disc 2],Gatas Extraordinárias,Latin,Brasil,Latin,Eu Sou Neguinha (Ao Vivo),Latin,Geração Coca-Cola (Ao Vivo),Latin,Lanterna Dos Afogados,Latin,Coroné Antonio Bento,Latin,"Você Passa, Eu Acho Graça (Ao Vivo)",Latin,Meu Mundo Fica Completo (Com Você),Latin,1° De Julho,Latin,Música Urbana 2,Latin,Cássia Eller
57,Cássia Eller - Sem Limite [Disc 1],Malandragem,Latin,O Segundo Sol,Latin,Smells Like Teen Spirit (Ao Vivo),Latin,E.C.T.,Latin,Todo Amor Que Houver Nesta Vida,Latin,Metrô. Linha 743,Latin,Nós (Ao Vivo),Latin,Na Cadência Do Samba,Latin,Admirável Gado Novo,Latin,Eleanor Rigby,Latin,Cássia Eller
58,Come Taste The Band,Comin' Home,Rock,Lady Luck,Rock,Gettin' Tighter,Rock,Dealer,Rock,I Need Love,Rock,Drifter,Rock,Love Child,Rock,This Time Around / Owed to 'G' [Instrumental],Rock,You Keep On Moving,Rock,,,Deep Purple
59,Deep Purple In Rock,Speed King,Rock,Bloodsucker,Rock,Child In Time,Rock,Flight Of The Rat,Rock,Into The Fire,Rock,Living Wreck,Rock,Hard Lovin' Man,Rock,,,,,,,Deep Purple
60,Fireball,Fireball,Rock,No No No,Rock,Strange Kind Of Woman,Rock,Anyone's Daughter,Rock,The Mule,Rock,Fools,Rock,No One Came,Rock,,,,,,,Deep Purple
61,Knocking at Your Back Door: The Best Of Deep Purple in the 80's,Knocking At Your Back Door,Rock,Bad Attitude,Rock,Child In Time (Son Of Aleric - Instrumental),Rock,Nobody's Home,Rock,Black Night,Rock,Perfect Strangers,Rock,The Unwritten Law,Rock,Call Of The Wild,Rock,Hush,Rock,Smoke On The Water,Rock,Deep Purple
62,Machine Head,Highway Star,Rock,Maybe I'm A Leo,Rock,Pictures Of Home,Rock,Never Before,Rock,Smoke On The Water,Rock,Lazy,Rock,Space Truckin',Rock,,,,,,,Deep Purple
63,Purpendicular,Vavoom : Ted The Mechanic,Rock,Loosen My Strings,Rock,Soon Forgotten,Rock,Sometimes I Feel Like Screaming,Rock,Cascades : I'm Not Your Lover,Rock,The Aviator,Rock,Rosa's Cantina,Rock,A Castle Full Of Rascals,Rock,A Touch Away,Rock,Hey Cisco,Rock,Deep Purple
64,Slaves And Masters,King Of Dreams,Rock,The Cut Runs Deep,Rock,Fire In The Basement,Rock,Truth Hurts,Rock,Breakfast In Bed,Rock,Love Conquers All,Rock,Fortuneteller,Rock,Too Much Is Not Enough,Rock,Wicked Ways,Rock,,,Deep Purple
65,Stormbringer,Stormbringer,Rock,Love Don't Mean a Thing,Rock,Holy Man,Rock,Hold On,Rock,Lady Double Dealer,Rock,You Can't Do it Right (With the One You Love),Rock,High Ball Shooter,Rock,The Gypsy,Rock,Soldier Of Fortune,Rock,,,Deep Purple
66,The Battle Rages On,The Battle Rages On,Rock,Lick It Up,Rock,Anya,Rock,Talk About Love,Rock,Time To Kill,Rock,Ramshackle Man,Rock,A Twist In The Tail,Rock,Nasty Piece Of Work,Rock,Solitaire,Rock,One Man's Meat,Rock,Deep Purple
67,Vault: Def Leppard's Greatest Hits,Pour Some Sugar On Me,Rock,Photograph,Rock,Love Bites,Rock,Let's Get Rocked,Rock,Two Steps Behind [Acoustic Version],Rock,Animal,Rock,Heaven Is,Rock,Rocket,Rock,When Love & Hate Collide,Rock,Action,Rock,Def Leppard
68,Outbreak,Roll Call,Jazz,Otay,Jazz,Groovus Interruptus,Jazz,Paris On Mine,Jazz,In Time,Jazz,Plan B,Jazz,Outbreak,Jazz,"Baltimore, DC",Jazz,Talkin Loud and Saying Nothin,Jazz,,,Dennis Chambers
69,Djavan Ao Vivo - Vol. 02,Pétala,Latin,Meu Bem-Querer,Latin,Cigano,Latin,Boa Noite,Latin,Fato Consumado,Latin,Faltando Um Pedaço,Latin,Álibi,Latin,Esquinas,Latin,Se...,Latin,Eu Te Devoro,Latin,Djavan
70,Djavan Ao Vivo - Vol. 1,Samurai,Latin,Nem Um Dia,Latin,Oceano,Latin,Açai,Latin,Serrado,Latin,Flor De Lis,Latin,Amar É Tudo,Latin,Azul,Latin,Seduzir,Latin,A Carta,Latin,Djavan
71,Elis Regina-Minha História,O Bêbado e a Equilibrista,Latin,O Mestre-Sala dos Mares,Latin,Atrás da Porta,Latin,"Dois Pra Lá, Dois Pra Cá",Latin,Casa no Campo,Latin,Romaria,Latin,"Alô, Alô, Marciano",Latin,Me Deixas Louca,Latin,Fascinação,Latin,Saudosa Maloca,Latin,Elis Regina
72,The Cream Of Clapton,Layla,Blues,Badge,Blues,I Feel Free,Blues,Sunshine Of Your Love,Blues,Crossroads,Blues,Strange Brew,Blues,White Room,Blues,Bell Bottom Blues,Blues,Cocaine,Blues,I Shot The Sheriff,Blues,Eric Clapton
73,Unplugged,Signe,Blues,Before You Accuse Me,Blues,Hey Hey,Blues,Tears In Heaven,Blues,Lonely Stranger,Blues,Nobody Knows You When You're Down & Out,Blues,Layla,Blues,Running On Faith,Blues,Walkin' Blues,Blues,Alberta,Blues,Eric Clapton
74,Album Of The Year,Collision,Alternative & Punk,Stripsearch,Alternative & Punk,Last Cup Of Sorrow,Alternative & Punk,Naked In Front Of The Computer,Alternative & Punk,Helpless,Alternative & Punk,Mouth To Mouth,Alternative & Punk,Ashes To Ashes,Alternative & Punk,She Loves Me Not,Alternative & Punk,Got That Feeling,Alternative & Punk,Paths Of Glory,Alternative & Punk,Faith No More
75,Angel Dust,Land Of Sunshine,Alternative & Punk,Caffeine,Alternative & Punk,Midlife Crisis,Alternative & Punk,RV,Alternative & Punk,Smaller And Smaller,Alternative & Punk,Everything's Ruined,Alternative & Punk,Malpractice,Alternative & Punk,Kindergarten,Alternative & Punk,Be Aggressive,Alternative & Punk,A Small Victory,Alternative & Punk,Faith No More
76,King For A Day Fool For A Lifetime,Get Out,Rock,Ricochet,Rock,Evidence,Rock,The Gentle Art Of Making Enemies,Rock,Star A.D.,Rock,Cuckoo For Caca,Rock,Caralho Voador,Rock,Ugly In The Morning,Rock,Digging The Grave,Rock,Take This Bottle,Rock,Faith No More
77,The Real Thing,From Out Of Nowhere,Alternative & Punk,Epic,Alternative & Punk,Falling To Pieces,Alternative & Punk,Surprise! You're Dead!,Alternative & Punk,Zombie Eaters,Alternative & Punk,The Real Thing,Alternative & Punk,Underwater Love,Alternative & Punk,The Morning After,Alternative & Punk,Woodpecker From Mars,Alternative & Punk,War Pigs,Alternative & Punk,Faith No More
78,Deixa Entrar,Deixa Entrar,Latin,Falamansa Song,Latin,Xote Dos Milagres,Latin,Rindo À Toa,Latin,Confidência,Latin,Forró De Tóquio,Latin,Zeca Violeiro,Latin,Avisa,Latin,Principiando/Decolagem,Latin,Asas,Latin,Falamansa
79,In Your Honor [Disc 1],In Your Honor,Rock,No Way Back,Rock,Best Of You,Rock,DOA,Rock,Hell,Rock,The Last Song,Rock,Free Me,Rock,Resolve,Rock,The Deepest Blues Are Black,Rock,End Over End,Rock,Foo Fighters
80,In Your Honor [Disc 2],Still,Rock,What If I Do?,Rock,Miracle,Rock,Another Round,Rock,Friend Of A Friend,Rock,Over And Out,Rock,On The Mend,Rock,Virginia Moon,Rock,Cold Day In The Sun,Rock,Razor,Rock,Foo Fighters
81,One By One,All My Life,Alternative & Punk,Low,Alternative & Punk,Have It All,Alternative & Punk,Times Like These,Alternative & Punk,Disenchanted Lullaby,Alternative & Punk,Tired Of You,Alternative & Punk,Halo,Alternative & Punk,Lonely As You,Alternative & Punk,Overdrive,Alternative & Punk,Burn Away,Alternative & Punk,Foo Fighters
82,The Colour And The Shape,Doll,Rock,Monkey Wrench,Rock,"Hey, Johnny Park!",Rock,My Poor Brain,Rock,Wind Up,Rock,Up In Arms,Rock,My Hero,Rock,See You,Rock,Enough Space,Rock,February Stars,Rock,Foo Fighters
83,My Way: The Best Of Frank Sinatra [Disc 1],My Way,Easy Listening,Strangers In The Night,Easy Listening,"New York, New York",Easy Listening,I Get A Kick Out Of You,Easy Listening,Something Stupid,Easy Listening,Moon River,Easy Listening,What Now My Love,Easy Listening,Summer Love,Easy Listening,For Once In My Life,Easy Listening,Love And Marriage,Easy Listening,Frank Sinatra
84,Roda De Funk,Entrando Na Sua (Intro),Latin,Nervosa,Latin,Funk De Bamba (Com Fernanda Abreu),Latin,Call Me At Cleo´s,Latin,Olhos Coloridos (Com Sandra De Sá),Latin,Zambação,Latin,Funk Hum,Latin,Forty Days (Com DJ Hum),Latin,Balada Da Paula,Latin,Dujji,Latin,Funk Como Le Gusta
85,As Canções de Eu Tu Eles,Óia Eu Aqui De Novo,Soundtrack,Baião Da Penha,Soundtrack,Esperando Na Janela,Soundtrack,Juazeiro,Soundtrack,Último Pau-De-Arara,Soundtrack,Asa Branca,Soundtrack,Qui Nem Jiló,Soundtrack,Assum Preto,Soundtrack,Pau-De-Arara,Soundtrack,A Volta Da Asa Branca,Soundtrack,Gilberto Gil
86,Quanta Gente Veio Ver (Live),Introdução (Live),Latin,Palco (Live),Latin,Is This Love (Live),Latin,Stir It Up (Live),Latin,Refavela (Live),Latin,Vendedor De Caranguejo (Live),Latin,Quanta (Live),Latin,Estrela (Live),Latin,Pela Internet (Live),Latin,Cérebro Eletrônico (Live),Latin,Gilberto Gil
87,Quanta Gente Veio ver--Bônus De Carnaval,Doce De Carnaval (Candy All),Jazz,Lamento De Carnaval,Jazz,Pretinha,Jazz,,,,,,,,,,,,,,,Gilberto Gil
88,Faceless,Straight Out Of Line,Metal,Faceless,Metal,Changes,Metal,Make Me Believe,Metal,I Stand Alone,Metal,Re-Align,Metal,I Fucking Hate You,Metal,Releasing The Demons,Metal,Dead And Broken,Metal,I Am,Metal,Godsmack
89,American Idiot,American Idiot,Alternative & Punk,Jesus Of Suburbia / City Of The Damned / I Don't Care / Dearly Beloved / Tales Of Another Broken Home,Alternative & Punk,Holiday,Alternative & Punk,Boulevard Of Broken Dreams,Alternative & Punk,Are We The Waiting,Alternative & Punk,St. Jimmy,Alternative & Punk,Give Me Novacaine,Alternative & Punk,She's A Rebel,Alternative & Punk,Extraordinary Girl,Alternative & Punk,Letterbomb,Alternative & Punk,Green Day
90,Appetite for Destruction,Welcome to the Jungle,Rock,It's So Easy,Rock,Nightrain,Rock,Out Ta Get Me,Rock,Mr. Brownstone,Rock,Paradise City,Rock,My Michelle,Rock,Think About You,Rock,Sweet Child O' Mine,Rock,You're Crazy,Rock,Guns N' Roses
91,Use Your Illusion I,Right Next Door to Hell,Rock,Dust N' Bones,Rock,Live and Let Die,Rock,Don't Cry (Original),Rock,Perfect Crime,Rock,You Ain't the First,Rock,Bad Obsession,Rock,Back off Bitch,Rock,Double Talkin' Jive,Rock,November Rain,Rock,Guns N' Roses
92,Use Your Illusion II,Civil War,Metal,14 Years,Metal,Yesterdays,Metal,Knockin' On Heaven's Door,Metal,Get In The Ring,Metal,Shotgun Blues,Metal,Breakdown,Metal,Pretty Tied Up,Metal,Locomotive,Metal,So Fine,Metal,Guns N' Roses
93,Blue Moods,Colibri,Jazz,Love Is The Colour,Jazz,Magnetic Ocean,Jazz,Deep Waters,Jazz,L'Arc En Ciel De Miles,Jazz,Gypsy,Jazz,Journey Into Sunlight,Jazz,Sunchild,Jazz,Millenium,Jazz,Thinking 'Bout Tomorrow,Jazz,Incognito
94,A Matter of Life and Death,Different World,Rock,These Colours Don't Run,Rock,Brighter Than a Thousand Suns,Rock,The Pilgrim,Rock,The Longest Day,Rock,Out of the Shadows,Rock,The Reincarnation of Benjamin Breeg,Rock,For the Greater Good of God,Rock,Lord of Light,Rock,The Legacy,Rock,Iron Maiden
95,A Real Dead One,The Number Of The Beast,Metal,The Trooper,Metal,Prowler,Metal,Transylvania,Metal,Remember Tomorrow,Metal,Where Eagles Dare,Metal,Sanctuary,Metal,Running Free,Metal,Run To The Hilss,Metal,2 Minutes To Midnight,Metal,Iron Maiden
96,A Real Live One,Be Quick Or Be Dead,Metal,From Here To Eternity,Metal,Can I Play With Madness,Metal,Wasting Love,Metal,Tailgunner,Metal,The Evil That Men Do,Metal,Afraid To Shoot Strangers,Metal,Bring Your Daughter... To The Slaughter,Metal,Heaven Can Wait,Metal,The Clairvoyant,Metal,Iron Maiden
97,Brave New World,The Wicker Man,Rock,Ghost Of The Navigator,Rock,Brave New World,Rock,Blood Brothers,Rock,The Mercenary,Rock,Dream Of Mirrors,Rock,The Fallen Angel,Rock,The Nomad,Rock,Out Of The Silent Planet,Rock,The Thin Line Between Love & Hate,Rock,Iron Maiden
98,Dance Of Death,Wildest Dreams,Heavy Metal,Rainmaker,Heavy Metal,No More Lies,Heavy Metal,Montsegur,Heavy Metal,Dance Of Death,Heavy Metal,Gates Of Tomorrow,Heavy Metal,New Frontier,Heavy Metal,Paschendale,Heavy Metal,Face In The Sand,Heavy Metal,Age Of Innocence,Heavy Metal,Iron Maiden
99,Fear Of The Dark,Be Quick Or Be Dead,Rock,From Here To Eternity,Rock,Afraid To Shoot Strangers,Rock,Fear Is The Key,Rock,Childhood's End,Rock,Wasting Love,Rock,The Fugitive,Rock,Chains Of Misery,Rock,The Apparition,Rock,Judas Be My Guide,Rock,Iron Maiden
100,Iron Maiden,01 - Prowler,Blues,02 - Sanctuary,Blues,03 - Remember Tomorrow,Blues,04 - Running Free,Blues,05 - Phantom of the Opera,Blues,06 - Transylvania,Blues,07 - Strange World,Blues,08 - Charlotte the Harlot,Blues,09 - Iron Maiden,Blues,,,Iron Maiden
101,Killers,The Ides Of March,Heavy Metal,Wrathchild,Heavy Metal,Murders In The Rue Morgue,Heavy Metal,Another Life,Heavy Metal,Genghis Khan,Heavy Metal,Innocent Exile,Heavy Metal,Killers,Heavy Metal,Prodigal Son,Heavy Metal,Purgatory,Heavy Metal,Drifter,Heavy Metal,Iron Maiden
102,Live After Death,Intro- Churchill S Speech,Heavy Metal,Aces High,Heavy Metal,2 Minutes To Midnight,Metal,The Trooper,Metal,Revelations,Metal,Flight Of Icarus,Metal,Rime Of The Ancient Mariner,Metal,Powerslave,Metal,The Number Of The Beast,Metal,Hallowed Be Thy Name,Metal,Iron Maiden
103,Live At Donington 1992 (Disc 1),Be Quick Or Be Dead,Rock,The Number Of The Beast,Rock,Wrathchild,Rock,From Here To Eternity,Rock,Can I Play With Madness,Rock,Wasting Love,Rock,Tailgunner,Rock,The Evil That Men Do,Rock,Afraid To Shoot Strangers,Rock,Fear Of The Dark,Rock,Iron Maiden
104,Live At Donington 1992 (Disc 2),Bring Your Daughter... To The Slaughter...,Rock,The Clairvoyant,Rock,Heaven Can Wait,Rock,Run To The Hills,Rock,2 Minutes To Midnight,Rock,Iron Maiden,Rock,Hallowed Be Thy Name,Rock,The Trooper,Rock,Sanctuary,Rock,Running Free,Rock,Iron Maiden
105,No Prayer For The Dying,Tailgunner,Metal,Holy Smoke,Metal,No Prayer For The Dying,Metal,Public Enema Number One,Metal,Fates Warning,Metal,The Assassin,Metal,Run Silent Run Deep,Metal,Hooks In You,Metal,Bring Your Daughter... ...To The Slaughter,Metal,Mother Russia,Metal,Iron Maiden
106,Piece Of Mind,Where Eagles Dare,Metal,Revelations,Metal,Flight Of The Icarus,Metal,Die With Your Boots On,Metal,The Trooper,Metal,Still Life,Metal,Quest For Fire,Metal,Sun And Steel,Metal,To Tame A Land,Metal,,,Iron Maiden
107,Powerslave,Aces High,Metal,2 Minutes To Midnight,Metal,Losfer Words,Metal,Flash of The Blade,Metal,Duelists,Metal,Back in the Village,Metal,Powerslave,Metal,Rime of the Ancient Mariner,Metal,,,,,Iron Maiden
108,Rock In Rio [CD1],Intro,Metal,The Wicker Man,Metal,Ghost Of The Navigator,Metal,Brave New World,Metal,Wrathchild,Metal,2 Minutes To Midnight,Metal,Blood Brothers,Metal,Sign Of The Cross,Metal,The Mercenary,Metal,The Trooper,Metal,Iron Maiden
109,Rock In Rio [CD2],Dream Of Mirrors,Rock,The Clansman,Rock,The Evil That Men Do,Metal,Fear Of The Dark,Rock,Iron Maiden,Rock,The Number Of The Beast,Rock,Hallowed Be Thy Name,Rock,Sanctuary,Rock,Run To The Hills,Rock,,,Iron Maiden
110,Seventh Son of a Seventh Son,Moonchild,Metal,Infinite Dreams,Metal,Can I Play With Madness,Metal,The Evil That Men Do,Metal,Seventh Son of a Seventh Son,Metal,The Prophecy,Metal,The Clairvoyant,Metal,Only the Good Die Young,Metal,,,,,Iron Maiden
111,Somewhere in Time,Caught Somewhere in Time,Metal,Wasted Years,Metal,Sea of Madness,Metal,Heaven Can Wait,Metal,Stranger in a Strange Land,Metal,Alexander the Great,Metal,De Ja Vu,Metal,The Loneliness of the Long Dis,Metal,,,,,Iron Maiden
112,The Number of The Beast,22 Acacia Avenue,Metal,Children of the Damned,Metal,Gangland,Metal,Hallowed Be Thy Name,Metal,Invaders,Metal,Run to the Hills,Metal,The Number Of The Beast,Rock,The Prisoner,Metal,,,,,Iron Maiden
113,The X Factor,Sign Of The Cross,Rock,Lord Of The Flies,Rock,Man On The Edge,Rock,Fortunes Of War,Rock,Look For The Truth,Rock,The Aftermath,Rock,Judgement Of Heaven,Rock,Blood On The World's Hands,Rock,The Edge Of Darkness,Rock,2 A.M.,Rock,Iron Maiden
114,Virtual XI,Futureal,Rock,The Angel And The Gambler,Rock,Lightning Strikes Twice,Rock,The Clansman,Rock,When Two Worlds Collide,Rock,The Educated Fool,Rock,Don't Look To The Eyes Of A Stranger,Rock,Como Estais Amigos,Rock,,,,,Iron Maiden
115,Sex Machine,Please Please Please,R&B/Soul,Think,R&B/Soul,Night Train,R&B/Soul,Out Of Sight,R&B/Soul,Papa's Got A Brand New Bag Pt.1,R&B/Soul,I Got You (I Feel Good),R&B/Soul,It's A Man's Man's Man's World,R&B/Soul,Cold Sweat,R&B/Soul,"Say It Loud, I'm Black And I'm Proud Pt.1",R&B/Soul,Get Up (I Feel Like Being A) Sex Machine,R&B/Soul,James Brown
116,Emergency On Planet Earth,When You Gonna Learn (Digeridoo),Rock,Too Young To Die,Rock,Hooked Up,Rock,"If I Like It, I Do It",Rock,Music Of The Wind,Rock,Emergency On Planet Earth,Rock,"Whatever It Is, I Just Can't Stop",Rock,Blow Your Mind,Rock,Revolution 1993,Rock,Didgin' Out,Rock,Jamiroquai
117,Synkronized,Canned Heat,R&B/Soul,Planet Home,R&B/Soul,Black Capricorn Day,R&B/Soul,Soul Education,R&B/Soul,Failling,R&B/Soul,Destitute Illusions,R&B/Soul,Supersonic,R&B/Soul,Butterfly,R&B/Soul,Were Do We Go From Here,R&B/Soul,King For A Day,R&B/Soul,Jamiroquai
118,The Return Of The Space Cowboy,Just Another Story,Electronica/Dance,Stillness In Time,Electronica/Dance,Half The Man,Electronica/Dance,Light Years,Electronica/Dance,Manifest Destiny,Electronica/Dance,The Kids,Electronica/Dance,Mr. Moon,Electronica/Dance,Scam,Electronica/Dance,Journey To Arnhemland,Electronica/Dance,Morning Glory,Electronica/Dance,Jamiroquai
119,Get Born,Last Chance,Alternative & Punk,Are You Gonna Be My Girl,Alternative & Punk,Rollover D.J.,Alternative & Punk,Look What You've Done,Alternative & Punk,Get What You Need,Alternative & Punk,Move On,Alternative & Punk,Radio Song,Alternative & Punk,Get Me Outta Here,Alternative & Punk,Cold Hard Bitch,Alternative & Punk,Come Around Again,Alternative & Punk,JET
120,Are You Experienced?,Foxy Lady,Rock,Manic Depression,Rock,Red House,Rock,Can You See Me,Rock,Love Or Confusion,Rock,I Don't Live Today,Rock,May This Be Love,Rock,Fire,Rock,Third Stone From The Sun,Rock,Remember,Rock,Jimi Hendrix
121,Surfing with the Alien (Remastered),Surfing with the Alien,Rock,Ice 9,Rock,Crushing Day,Rock,"Always With Me, Always With You",Rock,Satch Boogie,Rock,Hill of the Skull,Rock,Circles,Rock,Lords of Karma,Rock,Midnight,Rock,Echo,Rock,Joe Satriani
122,Jorge Ben Jor 25 Anos,Engenho De Dentro,Latin,Alcohol,Latin,Mama Africa,Latin,Salve Simpatia,Latin,W/Brasil (Chama O Síndico),Latin,País Tropical,Latin,Os Alquimistas Estão Chegando,Latin,Charles Anjo 45,Latin,Selassiê,Latin,Menina Sarará,Latin,Jorge Ben
123,Jota Quest-1995,Rapidamente,Latin,As Dores do Mundo,Latin,Vou Pra Ai,Latin,My Brother,Latin,Há Quanto Tempo,Latin,Vício,Latin,Encontrar Alguém,Latin,Dance Enquanto é Tempo,Latin,A Tarde,Latin,Always Be All Right,Latin,Jota Quest
124,Cafezinho,Pura Elegancia,World,Choramingando,World,Por Merecer,World,No Futuro,World,Voce Inteira,World,Cuando A Noite Vai Chegando,World,Naquele Dia,World,Equinocio,World,Papelão,World,Cuando Eu For Pro Ceu,World,João Suplicy
125,Living After Midnight,The Green Manalishi,Metal,Living After Midnight,Metal,Breaking The Law (Live),Metal,Hot Rockin',Metal,Heading Out To The Highway (Live),Metal,The Hellion,Metal,Electric Eye,Metal,You've Got Another Thing Comin',Metal,Turbo Lover,Metal,Freewheel Burning,Metal,Judas Priest
126,Unplugged [Live],Comin' Home,Rock,Plaster Caster,Rock,Goin' Blind,Rock,Do You Love Me,Rock,Domino,Rock,Sure Know Something,Rock,A World Without Heroes,Rock,Rock Bottom,Rock,See You Tonight,Rock,I Still Love You,Rock,Kiss
127,BBC Sessions [Disc 2] [Live],Immigrant Song,Rock,Heartbreaker,Rock,Since I've Been Loving You,Rock,Black Dog,Rock,Dazed And Confused,Rock,Stairway To Heaven,Rock,Going To California,Rock,That's The Way,Rock,Whole Lotta Love (Medley),Rock,Thank You,Rock,Led Zeppelin
128,Coda,We're Gonna Groove,Rock,Poor Tom,Rock,I Can't Quit You Baby,Rock,Walter's Walk,Rock,Ozone Baby,Rock,Darlene,Rock,Bonzo's Montreux,Rock,Wearing And Tearing,Rock,,,,,Led Zeppelin
129,Houses Of The Holy,The Song Remains The Same,Rock,The Rain Song,Rock,Over The Hills And Far Away,Rock,The Crunge,Rock,Dancing Days,Rock,D'Yer Mak'er,Rock,No Quarter,Rock,The Ocean,Rock,,,,,Led Zeppelin
130,In Through The Out Door,In The Evening,Rock,South Bound Saurez,Rock,Fool In The Rain,Rock,Hot Dog,Rock,Carouselambra,Rock,All My Love,Rock,I'm Gonna Crawl,Rock,,,,,,,Led Zeppelin
131,IV,Black Dog,Rock,Rock & Roll,Rock,The Battle Of Evermore,Rock,Stairway To Heaven,Rock,Misty Mountain Hop,Rock,Four Sticks,Rock,Going To California,Rock,When The Levee Breaks,Rock,,,,,Led Zeppelin
132,Led Zeppelin I,Good Times Bad Times,Rock,Babe I'm Gonna Leave You,Rock,You Shook Me,Rock,Dazed and Confused,Rock,Your Time Is Gonna Come,Rock,Black Mountain Side,Rock,Communication Breakdown,Rock,I Can't Quit You Baby,Rock,How Many More Times,Rock,,,Led Zeppelin
133,Led Zeppelin II,Whole Lotta Love,Rock,What Is And What Should Never Be,Rock,The Lemon Song,Rock,Thank You,Rock,Heartbreaker,Rock,Living Loving Maid (She's Just A Woman),Rock,Ramble On,Rock,Moby Dick,Rock,Bring It On Home,Rock,,,Led Zeppelin
134,Led Zeppelin III,Immigrant Song,Rock,Friends,Rock,Celebration Day,Rock,Since I've Been Loving You,Rock,Out On The Tiles,Rock,Gallows Pole,Rock,Tangerine,Rock,That's The Way,Rock,Bron-Y-Aur Stomp,Rock,Hats Off To (Roy) Harper,Rock,Led Zeppelin
135,Physical Graffiti [Disc 2],In The Light,Rock,Bron-Yr-Aur,Rock,Down By The Seaside,Rock,Ten Years Gone,Rock,Night Flight,Rock,The Wanton Song,Rock,Boogie With Stu,Rock,Black Country Woman,Rock,Sick Again,Rock,,,Led Zeppelin
136,Presence,Achilles Last Stand,Rock,For Your Life,Rock,Royal Orleans,Rock,Nobody's Fault But Mine,Rock,Candy Store Rock,Rock,Hots On For Nowhere,Rock,Tea For One,Rock,,,,,,,Led Zeppelin
137,The Song Remains The Same (Disc 1),Rock & Roll,Rock,Celebration Day,Rock,The Song Remains The Same,Rock,Rain Song,Rock,Dazed And Confused,Rock,,,,,,,,,,,Led Zeppelin
138,The Song Remains The Same (Disc 2),No Quarter,Rock,Stairway To Heaven,Rock,Moby Dick,Rock,Whole Lotta Love,Rock,,,,,,,,,,,,,Led Zeppelin
139,A TempestadeTempestade Ou O Livro Dos Dias,Natália,Latin,L'Avventura,Latin,Música De Trabalho,Latin,Longe Do Meu Lado,Latin,A Via Láctea,Latin,Música Ambiente,Latin,Aloha,Latin,Soul Parsifal,Latin,Dezesseis,Latin,Mil Pedaços,Latin,Legião Urbana
140,Mais Do Mesmo,Será,Latin,Ainda É Cedo,Latin,Geração Coca-Cola,Latin,Eduardo E Mônica,Latin,Tempo Perdido,Latin,Indios,Latin,Que País É Este,Latin,Faroeste Caboclo,Latin,Há Tempos,Latin,Pais E Filhos,Latin,Legião Urbana
141,Greatest Hits,Are You Gonna Go My Way,Rock,Fly Away,Rock,Rock And Roll Is Dead,Rock,Again,Rock,It Ain't Over 'Til It's Over,Rock,Can't Get You Off My Mind,Rock,Mr. Cab Driver,Rock,American Woman,Rock,Stand By My Woman,Rock,Always On The Run,Rock,Lenny Kravitz
142,Lulu Santos - RCA 100 Anos De Música - Álbum 01,Assim Caminha A Humanidade,Latin,Um Pro Outro,Latin,Casa,Latin,Condição,Latin,Satisfação,Latin,Brumário,Latin,Sábado À Noite,Latin,A Cura,Latin,Atrás Do Trio Elétrico,Latin,Tudo Bem,Latin,Lulu Santos
143,Lulu Santos - RCA 100 Anos De Música - Álbum 02,Honolulu,Latin,Dancin´Days,Latin,Aviso Aos Navegantes,Latin,Hyperconectividade,Latin,O Descobridor Dos Sete Mares,Latin,Um Certo Alguém,Latin,Fullgás,Latin,Aquilo,Latin,Senta A Pua,Latin,Ro-Que-Se-Da-Ne,Latin,Lulu Santos
144,Misplaced Childhood,Pseudo Silk Kimono,Rock,Kayleigh,Rock,Lavender,Rock,Bitter Suite: Brief Encounter / Lost Weekend / Blue Angel,Rock,Heart Of Lothian: Wide Boy / Curtain Call,Rock,Waterhole (Expresso Bongo),Rock,Lords Of The Backstage,Rock,Blind Curve: Vocal Under A Bloodlight / Passing Strangers / Mylo / Perimeter Walk / Threshold,Rock,Childhoods End?,Rock,White Feather,Rock,Marillion
145,Barulhinho Bom,Arrepio,Latin,Magamalabares,Latin,Chuva No Brejo,Latin,Cérebro Eletrônico,Latin,Tempos Modernos,Latin,Maraçá,Latin,Blanco,Latin,Panis Et Circenses,Latin,De Noite Na Cama,Latin,Beija Eu,Latin,Marisa Monte
146,Seek And Shall Find: More Of The Best (1963-1981),Wherever I Lay My Hat,R&B/Soul,Get My Hands On Some Lovin',R&B/Soul,No Good Without You,R&B/Soul,You've Been A Long Time Coming,R&B/Soul,When I Had Your Love,R&B/Soul,You're What's Happening (In The World Today),R&B/Soul,Loving You Is Sweeter Than Ever,R&B/Soul,It's A Bitter Pill To Swallow,R&B/Soul,Seek And You Shall Find,R&B/Soul,Gonna Keep On Tryin' Till I Win Your Love,R&B/Soul,Marvin Gaye
147,The Best Of Men At Work,Down Under,Rock,Overkill,Rock,Be Good Johnny,Rock,Everything I Need,Rock,Down by the Sea,Rock,Who Can It Be Now?,Rock,It's a Mistake,Rock,Dr. Heckyll & Mr. Jive,Rock,Shakes and Ladders,Rock,No Sign of Yesterday,Rock,Men At Work
148,Black Album,Enter Sandman,Metal,Sad But True,Metal,Holier Than Thou,Metal,The Unforgiven,Metal,Wherever I May Roam,Metal,Don't Tread On Me,Metal,Through The Never,Metal,Nothing Else Matters,Metal,Of Wolf And Man,Metal,The God That Failed,Metal,Metallica
149,Garage Inc. (Disc 2),Helpless,Metal,The Small Hours,Metal,The Wait,Metal,Crash Course In Brain Surgery,Metal,Last Caress/Green Hell,Metal,Am I Evil?,Metal,Blitzkrieg,Metal,Breadfan,Metal,The Prince,Metal,Stone Cold Crazy,Metal,Metallica
150,Kill 'Em All,Hit The Lights,Metal,The Four Horsemen,Metal,Motorbreath,Metal,Jump In The Fire,Metal,(Anesthesia) Pulling Teeth,Metal,Whiplash,Metal,Phantom Lord,Metal,No Remorse,Metal,Seek & Destroy,Metal,Metal Militia,Metal,Metallica
151,Load,Ain't My Bitch,Metal,2 X 4,Metal,The House Jack Built,Metal,Until It Sleeps,Metal,King Nothing,Metal,Hero Of The Day,Metal,Bleeding Me,Metal,Cure,Metal,Poor Twisted Me,Metal,Wasted My Hate,Metal,Metallica
152,Master Of Puppets,Battery,Metal,Master Of Puppets,Metal,The Thing That Should Not Be,Metal,Welcome Home (Sanitarium),Metal,Disposable Heroes,Metal,Leper Messiah,Metal,Orion,Metal,Damage Inc.,Metal,,,,,Metallica
153,ReLoad,Fuel,Metal,The Memory Remains,Metal,Devil's Dance,Metal,The Unforgiven II,Metal,Better Than You,Metal,Slither,Metal,Carpe Diem Baby,Metal,Bad Seed,Metal,Where The Wild Things Are,Metal,Prince Charming,Metal,Metallica
154,Ride The Lightning,Fight Fire With Fire,Metal,Ride The Lightning,Metal,For Whom The Bell Tolls,Metal,Fade To Black,Metal,Trapped Under Ice,Metal,Escape,Metal,Creeping Death,Metal,The Call Of Ktulu,Metal,,,,,Metallica
155,St. Anger,Frantic,Metal,St. Anger,Metal,Some Kind Of Monster,Metal,Dirty Window,Metal,Invisible Kid,Metal,My World,Metal,Shoot Me Again,Metal,Sweet Amber,Metal,The Unnamed Feeling,Metal,Purify,Metal,Metallica
156,...And Justice For All,Blackened,Metal,...And Justice For All,Metal,Eye Of The Beholder,Metal,One,Metal,The Shortest Straw,Metal,Harvester Of Sorrow,Metal,The Frayed Ends Of Sanity,Metal,To Live Is To Die,Metal,Dyers Eve,Metal,,,Metallica
157,Miles Ahead,Springsville,Jazz,The Maids Of Cadiz,Jazz,The Duke,Jazz,My Ship,Jazz,Miles Ahead,Jazz,Blues For Pablo,Jazz,New Rhumba,Jazz,The Meaning Of The Blues,Jazz,Lament,Jazz,I Don't Wanna Be Kissed (By Anyone But You),Jazz,Miles Davis
158,Milton Nascimento Ao Vivo,Coração De Estudante,Latin,A Noite Do Meu Bem,Latin,Paisagem Na Janela,Latin,Cuitelinho,Latin,Caxangá,Latin,Nos Bailes Da Vida,Latin,Menestrel Das Alagoas,Latin,Brasil,Latin,Canção Do Novo Mundo,Latin,Um Gosto De Sol,Latin,Milton Nascimento
159,Minas,Minas,Latin,"Fé Cega, Faca Amolada",Latin,Beijo Partido,Latin,Saudade Dos Aviões Da Panair (Conversando No Bar),Latin,Gran Circo,Latin,Ponta de Areia,Latin,Trastevere,Latin,Idolatrada,Latin,Leila (Venha Ser Feliz),Latin,Paula E Bebeto,Latin,Milton Nascimento
160,Ace Of Spades,Ace Of Spades,Metal,Love Me Like A Reptile,Metal,Shoot You In The Back,Metal,Live To Win,Metal,Fast And Loose,Metal,(We Are) The Road Crew,Metal,Fire Fire,Metal,Jailbait,Metal,Dance,Metal,Bite The Bullet,Metal,Motörhead
161,Demorou...,Kir Royal,World,O Que Vai Em Meu Coração,World,Aos Leões,World,Dois Índios,World,Noite Negra,World,Beijo do Olhar,World,É Fogo,World,Já Foi,World,Só Se For Pelo Cabelo,World,No Clima,World,Mônica Marianno
162,Motley Crue Greatest Hits,Bitter Pill,Metal,Enslaved,Metal,"Girls, Girls, Girls",Metal,Kickstart My Heart,Metal,Wild Side,Metal,Glitter,Metal,Dr. Feelgood,Metal,Same Ol' Situation,Metal,Home Sweet Home,Metal,Afraid,Metal,Mötley Crüe
163,From The Muddy Banks Of The Wishkah [Live],Intro,Rock,School,Rock,Drain You,Rock,Aneurysm,Rock,Smells Like Teen Spirit,Rock,Been A Son,Rock,Lithium,Rock,Sliver,Rock,Spank Thru,Rock,Scentless Apprentice,Rock,Nirvana
164,Nevermind,Smells Like Teen Spirit,Rock,In Bloom,Rock,Come As You Are,Rock,Breed,Rock,Lithium,Rock,Polly,Rock,Territorial Pissings,Rock,Drain You,Rock,Lounge Act,Rock,Stay Away,Rock,Nirvana
165,Compositores,Time,Rock,P.S.Apareça,Rock,Sangue Latino,Rock,Folhas Secas,Rock,Poeira,Rock,Mágica,Rock,Quem Mata A Mulher Mata O Melhor,Rock,Mundaréu,Rock,O Braço Da Minha Guitarra,Rock,Deus,Rock,O Terço
166,Olodum,Requebra,Latin,Nossa Gente (Avisa Là),Latin,Olodum - Alegria Geral,Latin,Madagáscar Olodum,Latin,Faraó Divindade Do Egito,Latin,Todo Amor (Asas Da Liberdade),Latin,Denúncia,Latin,"Olodum, A Banda Do Pelô",Latin,Cartao Postal,Latin,Jeito Faceiro,Latin,Olodum
167,Acústico MTV,Vulcão Dub - Fui Eu,Latin,O Trem Da Juventude,Latin,Manguetown,Latin,"Um Amor, Um Lugar",Latin,Bora-Bora,Latin,Vai Valer,Latin,I Feel Good (I Got You) - Sossego,Latin,Uns Dias,Latin,Sincero Breu,Latin,Meu Erro,Latin,Os Paralamas Do Sucesso
168,Arquivo II,Trac Trac,Latin,Tendo A Lua,Latin,Mensagen De Amor (2000),Latin,Lourinha Bombril,Latin,La Bella Luna,Latin,Busca Vida,Latin,Uma Brasileira,Latin,Luis Inacio (300 Picaretas),Latin,Saber Amar,Latin,Ela Disse Adeus,Latin,Os Paralamas Do Sucesso
169,Arquivo Os Paralamas Do Sucesso,Caleidoscópio,Latin,Óculos,Latin,Cinema Mudo,Latin,Alagados,Latin,Lanterna Dos Afogados,Latin,Melô Do Marinheiro,Latin,Vital E Sua Moto,Latin,O Beco,Latin,Meu Erro,Latin,Perplexo,Latin,Os Paralamas Do Sucesso
170,Bark at the Moon (Remastered),Bark at the Moon,Rock,,,,,,,,,,,,,,,,,,,Ozzy Osbourne
171,Blizzard of Ozz,I Don't Know,Rock,Crazy Train,Rock,,,,,,,,,,,,,,,,,Ozzy Osbourne
172,Diary of a Madman (Remastered),Flying High Again,Rock,,,,,,,,,,,,,,,,,,,Ozzy Osbourne
173,No More Tears (Remastered),"Mama, I'm Coming Home",Rock,No More Tears,Rock,,,,,,,,,,,,,,,,,Ozzy Osbourne
174,Tribute,I Don't Know,Metal,Crazy Train,Metal,Believer,Metal,Mr. Crowley,Metal,Flying High Again,Metal,Relvelation (Mother Earth),Metal,Steal Away (The Night),Metal,Suicide Solution (With Guitar Solo),Metal,Iron Man,Metal,Children Of The Grave,Metal,Ozzy Osbourne
175,Walking Into Clarksdale,Shining In The Light,Rock,When The World Was Young,Rock,Upon A Golden Horse,Rock,Blue Train,Rock,Please Read The Letter,Rock,Most High,Rock,Heart In Your Hand,Rock,Walking Into Clarksdale,Rock,Burning Up,Rock,When I Was A Child,Rock,Page & Plant
176,Original Soundtracks 1,United Colours,Soundtrack,Slug,Soundtrack,Your Blue Room,Soundtrack,Always Forever Now,Soundtrack,A Different Kind Of Blue,Soundtrack,Beach Sequence,Soundtrack,Miss Sarajevo,Soundtrack,Ito Okashi,Soundtrack,One Minute Warning,Soundtrack,Corpse (These Chains Are Way Too Long),Soundtrack,Passengers
177,The Beast Live,Wrathchild,Rock,Killers,Rock,Prowler,Rock,Murders In The Rue Morgue,Rock,Women In Uniform,Rock,Remember Tomorrow,Rock,Sanctuary,Rock,Running Free,Rock,Phantom Of The Opera,Rock,Iron Maiden,Rock,Paul D'Ianno
178,Live On Two Legs [Live],Corduroy,Rock,Given To Fly,Rock,"Hail, Hail",Rock,Daughter,Rock,Elderly Woman Behind The Counter In A Small Town,Rock,Untitled,Rock,MFC,Rock,Go,Rock,Red Mosquito,Rock,Even Flow,Rock,Pearl Jam
179,Pearl Jam,Life Wasted,Alternative & Punk,World Wide Suicide,Alternative & Punk,Comatose,Alternative & Punk,Severed Hand,Alternative & Punk,Marker In The Sand,Alternative & Punk,Parachutes,Alternative & Punk,Unemployable,Alternative & Punk,Big Wave,Alternative & Punk,Gone,Alternative & Punk,Wasted Reprise,Alternative & Punk,Pearl Jam
180,Riot Act,Can't Keep,Rock,Save You,Rock,Love Boat Captain,Rock,Cropduster,Rock,Ghost,Rock,I Am Mine,Rock,Thumbing My Way,Rock,You Are,Rock,Get Right,Rock,Green Disease,Rock,Pearl Jam
181,Ten,Once,Rock,Evenflow,Rock,Alive,Rock,Why Go,Rock,Black,Rock,Jeremy,Rock,Oceans,Rock,Porch,Rock,Garden,Rock,Deep,Rock,Pearl Jam
182,Vs.,Go,Rock,Animal,Rock,Daughter,Rock,Glorified G,Rock,Dissident,Rock,W.M.A.,Rock,Blood,Rock,Rearviewmirror,Rock,Rats,Rock,Elderly Woman Behind The Counter In A Small Town,Rock,Pearl Jam
183,Dark Side Of The Moon,Speak To Me/Breathe,Rock,On The Run,Rock,Time,Rock,The Great Gig In The Sky,Rock,Money,Rock,Us And Them,Rock,Any Colour You Like,Rock,Brain Damage,Rock,Eclipse,Rock,,,Pink Floyd
184,Os Cães Ladram Mas A Caravana Não Pára,ZeroVinteUm,Hip Hop/Rap,Queimando Tudo,Hip Hop/Rap,Hip Hop Rio,Hip Hop/Rap,Bossa,Hip Hop/Rap,100% HardCore,Hip Hop/Rap,Biruta,Hip Hop/Rap,Mão Na Cabeça,Hip Hop/Rap,O Bicho Tá Pregando,Hip Hop/Rap,Adoled (Ocean),Hip Hop/Rap,Seus Amigos,Hip Hop/Rap,Planet Hemp
185,Greatest Hits I,Bohemian Rhapsody,Rock,Another One Bites The Dust,Rock,Killer Queen,Rock,Fat Bottomed Girls,Rock,Bicycle Race,Rock,You're My Best Friend,Rock,Don't Stop Me Now,Rock,Save Me,Rock,Crazy Little Thing Called Love,Rock,Somebody To Love,Rock,Queen
186,News Of The World,We Will Rock You,Rock,We Are The Champions,Rock,Sheer Heart Attack,Rock,"All Dead, All Dead",Rock,Spread Your Wings,Rock,Fight From The Inside,Rock,"Get Down, Make Love",Rock,Sleep On The Sidewalk,Rock,Who Needs You,Rock,It's Late,Rock,Queen
187,Out Of Time,Shiny Happy People,Alternative & Punk,Me In Honey,Alternative & Punk,Radio Song,Alternative & Punk,Losing My Religion,Alternative & Punk,Low,Alternative & Punk,Near Wild Heaven,Alternative & Punk,Endgame,Alternative & Punk,Belong,Alternative & Punk,Half A World Away,Alternative & Punk,Texarkana,Alternative & Punk,R.E.M. Feat. Kate Pearson
188,Green,Pop Song 89,Alternative & Punk,Get Up,Alternative & Punk,You Are The Everything,Alternative & Punk,Stand,Alternative & Punk,World Leader Pretend,Alternative & Punk,The Wrong Child,Alternative & Punk,Orange Crush,Alternative & Punk,Turn You Inside-Out,Alternative & Punk,Hairshirt,Alternative & Punk,I Remember California,Alternative & Punk,R.E.M.
189,New Adventures In Hi-Fi,How The West Was Won And Where It Got Us,Rock,The Wake-Up Bomb,Rock,New Test Leper,Rock,Undertow,Rock,E-Bow The Letter,Rock,Leave,Rock,Departure,Rock,Bittersweet Me,Rock,Be Mine,Rock,Binky The Doormat,Rock,R.E.M.
190,The Best Of R.E.M.: The IRS Years,Carnival Of Sorts,Alternative & Punk,Radio Free Aurope,Alternative & Punk,Perfect Circle,Alternative & Punk,Talk About The Passion,Alternative & Punk,So Central Rain,Alternative & Punk,Don't Go Back To Rockville,Alternative & Punk,Pretty Persuasion,Alternative & Punk,Green Grow The Rushes,Alternative & Punk,Can't Get There From Here,Alternative & Punk,Driver 8,Alternative & Punk,R.E.M.
191,Cesta Básica,Infeliz Natal,Alternative & Punk,A Sua,Alternative & Punk,Papeau Nuky Doe,Alternative & Punk,Merry Christmas,Alternative & Punk,Bodies,Alternative & Punk,Puteiro Em João Pessoa,Alternative & Punk,Esporrei Na Manivela,Alternative & Punk,Bê-a-Bá,Alternative & Punk,Cajueiro,Alternative & Punk,Palhas Do Coqueiro,Alternative & Punk,Raimundos
192,Raul Seixas,Maluco Beleza,Rock,O Dia Em Que A Terra Parou,Rock,No Fundo Do Quintal Da Escola,Rock,O Segredo Do Universo,Rock,As Profecias,Rock,Mata Virgem,Rock,Sapato 36,Rock,Todo Mundo Explica,Rock,Que Luz É Essa,Rock,Diamante De Mendigo,Rock,Raul Seixas
193,Blood Sugar Sex Magik,The Power Of Equality,Alternative & Punk,If You Have To Ask,Alternative & Punk,Breaking The Girl,Alternative & Punk,Funky Monks,Alternative & Punk,Suck My Kiss,Alternative & Punk,I Could Have Lied,Alternative & Punk,Mellowship Slinky In B Major,Alternative & Punk,The Righteous & The Wicked,Alternative & Punk,Give It Away,Alternative & Punk,Blood Sugar Sex Magik,Alternative & Punk,Red Hot Chili Peppers
194,By The Way,By The Way,Rock,Universally Speaking,Rock,This Is The Place,Rock,Dosed,Rock,Don't Forget Me,Rock,The Zephyr Song,Rock,Can't Stop,Rock,I Could Die For You,Rock,Midnight,Rock,Throw Away Your Television,Rock,Red Hot Chili Peppers
195,Californication,Around The World,Rock,Parallel Universe,Rock,Scar Tissue,Rock,Otherside,Rock,Get On Top,Rock,Californication,Rock,Easily,Rock,Porcelain,Rock,Emit Remmus,Rock,I Like Dirt,Rock,Red Hot Chili Peppers
196,Retrospective I (1974-1980),The Spirit Of Radio,Rock,The Trees,Rock,Something For Nothing,Rock,Freewill,Rock,Xanadu,Rock,Bastille Day,Rock,By-Tor And The Snow Dog,Rock,Anthem,Rock,Closer To The Heart,Rock,2112 Overture,Rock,Rush
197,Santana - As Years Go By,Jingo,Rock,El Corazon Manda,Rock,La Puesta Del Sol,Rock,Persuasion,Rock,As The Years Go by,Rock,Soul Sacrifice,Rock,Fried Neckbones And Home Fries,Rock,Santana Jam,Rock,,,,,Santana
198,Santana Live,Evil Ways,Rock,We've Got To Get Together/Jingo,Rock,Rock Me,Rock,Just Ain't Good Enough,Rock,Funky Piano,Rock,The Way You Do To Mer,Rock,,,,,,,,,Santana
199,Maquinarama,Água E Fogo,Rock,Três Lados,Rock,Ela Desapareceu,Rock,Balada Do Amor Inabalável,Rock,Canção Noturna,Rock,Muçulmano,Rock,Maquinarama,Rock,Rebelião,Rock,A Última Guerra,Rock,Fica,Rock,Skank
200,O Samba Poconé,É Uma Partida De Futebol,Rock,Eu Disse A Ela,Rock,Zé Trindade,Rock,Garota Nacional,Rock,Tão Seu,Rock,Sem Terra,Rock,Os Exilados,Rock,Um Dia Qualquer,Rock,Los Pretos,Rock,Sul Da América,Rock,Skank
201,Judas 0: B-Sides and Rarities,Lucky 13,Alternative & Punk,Aeroplane Flies High,Alternative & Punk,Because You Are,Alternative & Punk,Slow Dawn,Alternative & Punk,Believe,Alternative & Punk,My Mistake,Alternative & Punk,Marquis In Spades,Alternative & Punk,Here's To The Atom Bomb,Alternative & Punk,Sparrow,Alternative & Punk,Waiting,Alternative & Punk,Smashing Pumpkins
202,Rotten Apples: Greatest Hits,Siva,Alternative & Punk,Rhinocerous,Alternative & Punk,Drown,Alternative & Punk,Cherub Rock,Alternative & Punk,Today,Alternative & Punk,Disarm,Alternative & Punk,Landslide,Alternative & Punk,Bullet With Butterfly Wings,Alternative & Punk,1979,Alternative & Punk,Zero,Alternative & Punk,Smashing Pumpkins
203,A-Sides,Nothing To Say,Rock,Flower,Rock,Loud Love,Rock,Hands All Over,Rock,Get On The Snake,Rock,Jesus Christ Pose,Rock,Outshined,Rock,Rusty Cage,Rock,Spoonman,Rock,The Day I Tried To Live,Rock,Soundgarden
204,Morning Dance,Morning Dance,Jazz,Jubilee,Jazz,Rasul,Jazz,Song For Lorraine,Jazz,Starburst,Jazz,Heliopolis,Jazz,It Doesn't Matter,Jazz,Little Linda,Jazz,End Of Romanticism,Jazz,,,Spyro Gyra
205,In Step,The House Is Rockin',Blues,Crossfire,Blues,Tightrope,Blues,Let Me Love You Baby,Blues,Leave My Girl Alone,Blues,Travis Walk,Blues,Wall Of Denial,Blues,Scratch-N-Sniff,Blues,Love Me Darlin',Blues,Riviera Paradise,Blues,Stevie Ray Vaughan & Double Trouble
206,Core,Dead And Bloated,Rock,Sex Type Thing,Rock,Wicked Garden,Rock,No Memory,Rock,Sin,Rock,Naked Sunday,Rock,Creep,Rock,Piece Of Pie,Rock,Plush,Rock,Wet My Bed,Rock,Stone Temple Pilots
207,Mezmerize,Soldier Side - Intro,Metal,B.Y.O.B.,Metal,Revenga,Metal,Cigaro,Metal,Radio/Video,Metal,This Cocaine Makes Me Feel Like I'm On This Song,Metal,Violent Pornography,Metal,Question!,Metal,Sad Statue,Metal,Old School Hollywood,Metal,System Of A Down
208,[1997] Black Light Syndrome,The Sun Road,Rock,Dark Corners,Rock,Duende,Rock,Black Light Syndrome,Rock,Falling in Circles,Rock,Book of Hours,Rock,Chaos-Control,Rock,,,,,,,"Terry Bozzio, Tony Levin & Steve Stevens"
209,Live [Disc 1],Midnight From The Inside Out,Blues,Sting Me,Blues,Thick & Thin,Blues,Greasy Grass River,Blues,Sometimes Salvation,Blues,Cursed Diamonds,Blues,Miracle To Me,Blues,Wiser Time,Blues,Girl From A Pawnshop,Blues,Cosmic Fiend,Blues,The Black Crowes
210,Live [Disc 2],Black Moon Creeping,Blues,High Head Blues,Blues,Title Song,Blues,She Talks To Angels,Blues,Twice As Hard,Blues,Lickin',Blues,Soul Singing,Blues,Hard To Handle,Blues,Remedy,Blues,,,The Black Crowes
211,The Singles,White Riot,Alternative & Punk,Remote Control,Alternative & Punk,Complete Control,Alternative & Punk,Clash City Rockers,Alternative & Punk,(White Man) In Hammersmith Palais,Alternative & Punk,Tommy Gun,Alternative & Punk,English Civil War,Alternative & Punk,I Fought The Law,Alternative & Punk,London Calling,Alternative & Punk,Train In Vain,Alternative & Punk,The Clash
212,Beyond Good And Evil,War (The Process),Rock,The Saint,Rock,Rise,Rock,Take The Power,Rock,Breathe,Rock,Nico,Rock,American Gothic,Rock,Ashes And Ghosts,Rock,Shape The Sky,Rock,Speed Of Light,Rock,The Cult
213,"Pure Cult: The Best Of The Cult (For Rockers, Ravers, Lovers & Sinners) [UK]",She Sells Sanctuary,Rock,Fire Woman,Rock,Lil' Evil,Rock,Spirit Walker,Rock,The Witch,Rock,Revolution,Rock,Wild Hearted Son,Rock,Love Removal Machine,Rock,Rain,Rock,Edie (Ciao Baby),Rock,The Cult
214,The Doors,Break on Through,Rock,Soul Kitchen,Rock,The Crystal Ship,Rock,Twentienth Century Fox,Rock,Alabama Song,Rock,Light My Fire,Rock,Back Door Man,Rock,I Looked At You,Rock,End Of The Night,Rock,Take It As It Comes,Rock,The Doors
215,The Police Greatest Hits,Roxanne,Rock,Can't Stand Losing You,Rock,Message in a Bottle,Rock,Walking on the Moon,Rock,Don't Stand so Close to Me,Rock,"De Do Do Do, De Da Da Da",Rock,Every Little Thing She Does is Magic,Rock,Invisible Sun,Rock,Spirit's in the Material World,Rock,Every Breath You Take,Rock,The Police
216,"Hot Rocks, 1964-1971 (Disc 1)",Time Is On My Side,Rock,Heart Of Stone,Rock,Play With Fire,Rock,Satisfaction,Rock,As Tears Go By,Rock,Get Off Of My Cloud,Rock,Mother's Little Helper,Rock,19th Nervous Breakdown,Rock,Paint It Black,Rock,Under My Thumb,Rock,The Rolling Stones
217,No Security,Intro,Rock,You Got Me Rocking,Rock,Gimmie Shelters,Rock,Flip The Switch,Rock,Memory Motel,Rock,Corinna,Rock,Saint Of Me,Rock,Wainting On A Friend,Rock,Sister Morphine,Rock,Live With Me,Rock,The Rolling Stones
218,Voodoo Lounge,Love Is Strong,Rock,You Got Me Rocking,Rock,Sparks Will Fly,Rock,The Worst,Rock,New Faces,Rock,Moon Is Up,Rock,Out Of Tears,Rock,I Go Wild,Rock,Brand New Car,Rock,Sweethearts Together,Rock,The Rolling Stones
219,Tangents,Walking Wounded,Alternative & Punk,Temptation,Alternative & Punk,The Messenger,Alternative & Punk,Psychopomp,Alternative & Punk,Sister Awake,Alternative & Punk,The Bazaar,Alternative & Punk,Save Me (Remix),Alternative & Punk,Fire In The Head,Alternative & Punk,Release,Alternative & Punk,Heaven Coming Down,Alternative & Punk,The Tea Party
220,Transmission,Temptation,Alternative & Punk,Army Ants,Alternative & Punk,Psychopomp,Alternative & Punk,Gyroscope,Alternative & Punk,Alarum,Alternative & Punk,Release,Alternative & Punk,Transmission,Alternative & Punk,Babylon,Alternative & Punk,Pulse,Alternative & Punk,Emerald,Alternative & Punk,The Tea Party
221,My Generation - The Very Best Of The Who,I Can't Explain,Rock,"Anyway, Anyhow, Anywhere",Rock,My Generation,Rock,Substitute,Rock,I'm A Boy,Rock,Boris The Spider,Rock,Happy Jack,Rock,Pictures Of Lily,Rock,I Can See For Miles,Rock,Magic Bus,Rock,The Who
222,Serie Sem Limite (Disc 1),Primavera,Latin,Chocolate,Latin,Azul Da Cor Do Mar,Latin,O Descobridor Dos Sete Mares,Latin,Até Que Enfim Encontrei Você,Latin,Coroné Antonio Bento,Latin,New Love,Latin,Não Vou Ficar,Latin,Música No Ar,Latin,Salve Nossa Senhora,Latin,Tim Maia
223,Serie Sem Limite (Disc 2),O Que Me Importa,Latin,Gostava Tanto De Você,Latin,Você,Latin,Não Quero Dinheiro,Latin,Eu Amo Você,Latin,A Festa Do Santo Reis,Latin,I Don't Know What To Do With Myself,Latin,Padre Cícero,Latin,Nosso Adeus,Latin,Canário Do Reino,Latin,Tim Maia
224,Acústico,Comida,Alternative & Punk,Go Back,Alternative & Punk,Prá Dizer Adeus,Alternative & Punk,Família,Alternative & Punk,Os Cegos Do Castelo,Alternative & Punk,O Pulso,Alternative & Punk,Marvin,Alternative & Punk,Nem 5 Minutos Guardados,Alternative & Punk,Flores,Alternative & Punk,Palavras,Alternative & Punk,Titãs
225,Volume Dois,Sonifera Ilha,Alternative & Punk,Lugar Nenhum,Alternative & Punk,Sua Impossivel Chance,Alternative & Punk,Desordem,Alternative & Punk,Não Vou Me Adaptar,Alternative & Punk,Domingo,Alternative & Punk,Amanhã Não Se Sabe,Alternative & Punk,Caras Como Eu,Alternative & Punk,Senhora E Senhor,Alternative & Punk,Era Uma Vez,Alternative & Punk,Titãs
226,Battlestar Galactica: The Story So Far,Battlestar Galactica: The Story So Far,Science Fiction,,,,,,,,,,,,,,,,,,,Battlestar Galactica
227,"Battlestar Galactica, Season 3",Occupation / Precipice,TV Shows,"Exodus, Pt. 1",TV Shows,"Exodus, Pt. 2",TV Shows,Collaborators,TV Shows,Torn,TV Shows,A Measure of Salvation,Science Fiction,Hero,Science Fiction,Unfinished Business,Science Fiction,The Passage,Science Fiction,The Eye of Jupiter,Science Fiction,Battlestar Galactica
228,"Heroes, Season 1",Genesis,TV Shows,Don't Look Back,Drama,One Giant Leap,Drama,Collision,Drama,Hiros,Drama,Better Halves,Drama,Nothing to Hide,TV Shows,Seven Minutes to Midnight,Drama,Homecoming,Drama,Six Months Ago,TV Shows,Heroes
229,"Lost, Season 3",A Tale of Two Cities,TV Shows,The Glass Ballerina,Drama,Further Instructions,TV Shows,Every Man for Himself,Drama,The Cost of Living,TV Shows,I Do,TV Shows,Not In Portland,Drama,Not In Portland,Drama,Flashes Before Your Eyes,Drama,Lost Survival Guide,Drama,Lost
230,"Lost, Season 1","Lost (Pilot, Part 1) [Premiere]",TV Shows,"Lost (Pilot, Part 2)",TV Shows,Tabula Rasa,TV Shows,Walkabout,TV Shows,White Rabbit,TV Shows,House of the Rising Sun,TV Shows,The Moth,TV Shows,Confidence Man,TV Shows,Solitary,TV Shows,Raised By Another,TV Shows,Lost
231,"Lost, Season 2","Man of Science, Man of Faith (Premiere)",TV Shows,Adrift,TV Shows,Orientation,TV Shows,Everybody Hates Hugo,TV Shows,...And Found,TV Shows,Abandoned,TV Shows,The Other 48 Days,TV Shows,Collision,TV Shows,What Kate Did,TV Shows,The 23rd Psalm,TV Shows,Lost
232,Achtung Baby,Zoo Station,Rock,Even Better Than The Real Thing,Rock,One,Rock,Until The End Of The World,Rock,Who's Gonna Ride Your Wild Horses,Rock,So Cruel,Rock,The Fly,Rock,Mysterious Ways,Rock,Tryin' To Throw Your Arms Around The World,Rock,Ultraviolet (Light My Way),Rock,U2
233,All That You Can't Leave Behind,Beautiful Day,Rock,Stuck In A Moment You Can't Get Out Of,Rock,Elevation,Rock,Walk On,Rock,Kite,Rock,In A Little While,Rock,Wild Honey,Rock,Peace On Earth,Rock,When I Look At The World,Rock,New York,Rock,U2
234,B-Sides 1980-1990,The Three Sunrises,Rock,Spanish Eyes,Rock,Sweetest Thing,Rock,Love Comes Tumbling,Rock,Bass Trap,Rock,Dancing Barefoot,Rock,Everlasting Love,Rock,Unchained Melody,Rock,Walk To The Water,Rock,Luminous Times (Hold On To Love),Rock,U2
235,How To Dismantle An Atomic Bomb,Vertigo,Rock,Miracle Drug,Rock,Sometimes You Can't Make It On Your Own,Rock,Love And Peace Or Else,Rock,City Of Blinding Lights,Rock,All Because Of You,Rock,A Man And A Woman,Rock,Crumbs From Your Table,Rock,One Step Closer,Rock,Original Of The Species,Rock,U2
236,Pop,Discotheque,Rock,Do You Feel Loved,Rock,Mofo,Rock,If God Will Send His Angels,Rock,Staring At The Sun,Rock,Last Night On Earth,Rock,Gone,Rock,Miami,Rock,The Playboy Mansion,Rock,If You Wear That Velvet Dress,Rock,U2
237,Rattle And Hum,Helter Skelter,Rock,Van Diemen's Land,Rock,Desire,Rock,Hawkmoon 269,Rock,All Along The Watchtower,Rock,I Still Haven't Found What I'm Looking for,Rock,Freedom For My People,Rock,Silver And Gold,Rock,Pride (In The Name Of Love),Rock,Angel Of Harlem,Rock,U2
238,The Best Of 1980-1990,Pride (In The Name Of Love),Rock,New Year's Day,Rock,With Or Without You,Rock,I Still Haven't Found What I'm Looking For,Rock,Sunday Bloody Sunday,Rock,Bad,Rock,Where The Streets Have No Name,Rock,I Will Follow,Rock,The Unforgettable Fire,Rock,Sweetest Thing,Rock,U2
239,War,Sunday Bloody Sunday,Rock,Seconds,Rock,New Year's Day,Rock,Like A Song...,Rock,Drowning Man,Rock,The Refugee,Rock,Two Hearts Beat As One,Rock,Red Light,Rock,Surrender,Rock,"""40""",Rock,U2
240,Zooropa,Zooropa,Rock,Babyface,Rock,Numb,Rock,Lemon,Rock,"Stay (Faraway, So Close!)",Rock,Daddy's Gonna Pay For Your Crashed Car,Rock,Some Days Are Better Than Others,Rock,The First Time,Rock,Dirty Day,Rock,The Wanderer,Rock,U2
241,UB40 The Best Of - Volume Two [UK],Breakfast In Bed,Reggae,Where Did I Go Wrong,Reggae,I Would Do For You,Reggae,Homely Girl,Reggae,Here I Am (Come And Take Me),Reggae,Kingston Town,Reggae,Wear You To The Ball,Reggae,(I Can't Help) Falling In Love With You,Reggae,Higher Ground,Reggae,Bring Me Your Cup,Reggae,UB40
242,Diver Down,Where Have All The Good Times Gone?,Rock,Hang 'Em High,Rock,Cathedral,Rock,Secrets,Rock,Intruder,Rock,(Oh) Pretty Woman,Rock,Dancing In The Street,Rock,Little Guitars (Intro),Rock,Little Guitars,Rock,Big Bad Bill (Is Sweet William Now),Rock,Van Halen
243,"The Best Of Van Halen, Vol. I",Eruption,Rock,Ain't Talkin' 'bout Love,Rock,Runnin' With The Devil,Rock,Dance the Night Away,Rock,And the Cradle Will Rock...,Rock,Unchained,Rock,Jump,Rock,Panama,Rock,Why Can't This Be Love,Rock,Dreams,Rock,Van Halen
244,Van Halen,Runnin' With The Devil,Rock,Eruption,Rock,You Really Got Me,Rock,Ain't Talkin' 'Bout Love,Rock,I'm The One,Rock,Jamie's Cryin',Rock,Atomic Punk,Rock,Feel Your Love Tonight,Rock,Little Dreamer,Rock,Ice Cream Man,Rock,Van Halen
245,Van Halen III,Neworld,Rock,Without You,Rock,One I Want,Rock,From Afar,Rock,Dirty Water Dog,Rock,Once,Rock,Fire in the Hole,Rock,Josephina,Rock,Year to the Day,Rock,Primary,Rock,Van Halen
246,Contraband,Sucker Train Blues,Rock,Do It For The Kids,Rock,Big Machine,Rock,Illegal I Song,Rock,Spectacle,Rock,Fall To Pieces,Rock,Headspace,Rock,Superhuman,Rock,Set Me Free,Rock,You Got No Right,Rock,Velvet Revolver
247,Vinicius De Moraes,Pela Luz Dos Olhos Teus,Latin,A Bencao E Outros,Latin,Tudo Na Mais Santa Paz,Latin,O Velho E Aflor,Latin,Cotidiano N 2,Latin,Adeus,Latin,Samba Pra Endrigo,Latin,So Por Amor,Latin,Meu Pranto Rolou,Latin,Mulher Carioca,Latin,Vinícius De Moraes
248,Ao Vivo [IMPORT],Faixa Amarela,Latin,Posso Até Me Apaixonar,Latin,Não Sou Mais Disso,Latin,Vivo Isolado Do Mundo,Latin,Coração Em Desalinho,Latin,Seu Balancê,Latin,Vai Adiar,Latin,Rugas,Latin,Feirinha da Pavuna/Luz do Repente/Bagaço da Laranja,Latin,Sem Essa de Malandro Agulha,Latin,Zeca Pagodinho
249,"The Office, Season 1",The Office: An American Workplace (Pilot),TV Shows,Diversity Day,TV Shows,Health Care,TV Shows,The Alliance,TV Shows,Basketball,TV Shows,Hot Girl,TV Shows,,,,,,,,,The Office
250,"The Office, Season 2",The Dundies,TV Shows,Sexual Harassment,TV Shows,Office Olympics,TV Shows,The Fire,TV Shows,Halloween,TV Shows,The Fight,TV Shows,The Client,TV Shows,Performance Review,TV Shows,Email Surveillance,TV Shows,Christmas Party,TV Shows,The Office
251,"The Office, Season 3",Gay Witch Hunt,TV Shows,The Convention,TV Shows,The Coup,TV Shows,Grief Counseling,TV Shows,The Initiation,TV Shows,Diwali,TV Shows,Branch Closing,TV Shows,The Merger,TV Shows,The Convict,Comedy,"A Benihana Christmas, Pts. 1 & 2",Comedy,The Office
252,Un-Led-Ed,Your Time Is Gonna Come,Rock,,,,,,,,,,,,,,,,,,,Dread Zeppelin
253,"Battlestar Galactica (Classic), Season 1","Battlestar Galactica, Pt. 1",Sci Fi & Fantasy,"Battlestar Galactica, Pt. 2",Sci Fi & Fantasy,"Battlestar Galactica, Pt. 3",Sci Fi & Fantasy,"Lost Planet of the Gods, Pt. 1",Sci Fi & Fantasy,"Lost Planet of the Gods, Pt. 2",Sci Fi & Fantasy,The Lost Warrior,Sci Fi & Fantasy,The Long Patrol,Sci Fi & Fantasy,"The Gun On Ice Planet Zero, Pt. 1",Sci Fi & Fantasy,"The Gun On Ice Planet Zero, Pt. 2",Sci Fi & Fantasy,The Magnificent Warriors,Sci Fi & Fantasy,Battlestar Galactica (Classic)
254,Aquaman,Pilot,TV Shows,,,,,,,,,,,,,,,,,,,Aquaman
255,Instant Karma: The Amnesty International Campaign to Save Darfur,Instant Karma,Pop,#9 Dream,Pop,Mother,Pop,Give Peace a Chance,Pop,Cold Turkey,Pop,Whatever Gets You Thru the Night,Pop,I'm Losing You,Pop,Gimme Some Truth,Pop,"Oh, My Love",Pop,Imagine,Pop,U2
256,Speak of the Devil,Sympton of the Universe,Rock,Snowblind,Rock,Black Sabbath,Rock,Fairies Wear Boots,Rock,War Pigs,Rock,The Wizard,Rock,N.I.B.,Rock,Sweet Leaf,Rock,Never Say Die,Rock,"Sabbath, Bloody Sabbath",Rock,Ozzy Osbourne
257,20th Century Masters - The Millennium Collection: The Best of Scorpions,Rock You Like a Hurricane,Rock,No One Like You,Rock,The Zoo,Rock,Loving You Sunday Morning,Rock,Still Loving You,Rock,Big City Nights,Rock,Believe in Love,Rock,Rhythm of Love,Rock,I Can't Explain,Rock,Tease Me Please Me,Rock,Scorpions
258,House of Pain,Jump Around,Hip Hop/Rap,Salutations,Hip Hop/Rap,Put Your Head Out,Hip Hop/Rap,Top O' The Morning To Ya,Hip Hop/Rap,Commercial 1,Hip Hop/Rap,House And The Rising Sun,Hip Hop/Rap,Shamrocks And Shenanigans,Hip Hop/Rap,House Of Pain Anthem,Hip Hop/Rap,"Danny Boy, Danny Boy",Hip Hop/Rap,Guess Who's Back,Hip Hop/Rap,House Of Pain
259,Radio Brasil (O Som da Jovem Vanguarda) - Seleccao de Henrique Amaro,Instinto Colectivo,Electronica/Dance,Chapa o Coco,Electronica/Dance,Prostituta,Electronica/Dance,Eu So Queria Sumir,Electronica/Dance,Tres Reis,Electronica/Dance,Um Lugar ao Sol,Electronica/Dance,Batalha Naval,Electronica/Dance,Todo o Carnaval tem seu Fim,Electronica/Dance,O Misterio do Samba,Electronica/Dance,Armadura,Electronica/Dance,O Rappa
260,Cake: B-Sides and Rarities,War Pigs,Alternative,,,,,,,,,,,,,,,,,,,Cake
261,"LOST, Season 4","Past, Present, and Future",Drama,The Beginning of the End,Drama,LOST Season 4 Trailer,Drama,LOST In 8:15,Drama,Confirmed Dead,Drama,The Economist,Drama,Eggtown,TV Shows,The Constant,Drama,The Other Woman,Drama,Ji Yeon,TV Shows,Lost
262,Quiet Songs,Amanda,Jazz,Despertar,Jazz,,,,,,,,,,,,,,,,,Aisha Duo
263,Muso Ko,Din Din Wo (Little Child),World,I Ka Barra (Your Work),World,,,,,,,,,,,,,,,,,Habib Koité and Bamada
264,Realize,Distance,Electronica/Dance,One Step Beyond,Electronica/Dance,,,,,,,,,,,,,,,,,Karsh Kale
265,Every Kind of Light,I Guess You're Right,Rock,Love Comes,Rock,,,,,,,,,,,,,,,,,The Posies
266,Duos II,Muita Bobeira,Latin,,,,,,,,,,,,,,,,,,,Luciana Souza/Romero Lubambo
267,Worlds,OAM's Blues,Jazz,,,,,,,,,,,,,,,,,,,Aaron Goldberg
268,The Best of Beethoven,"Symphony No. 3 in E-flat major, Op. 55, ""Eroica"" - Scherzo: Allegro Vivace",Classical,,,,,,,,,,,,,,,,,,,Nicolaus Esterhazy Sinfonia
269,Temple of the Dog,Say Hello 2 Heaven,Alternative,Reach Down,Alternative,Hunger Strike,Alternative,Pushin Forward Back,Alternative,Call Me a Dog,Alternative,Times of Trouble,Alternative,Wooden Jesus,Alternative,Your Savior,Alternative,Four Walled World,Alternative,All Night Thing,Alternative,Temple of the Dog
270,Carry On,No Such Thing,Alternative,Poison Eye,Alternative,Arms Around Your Love,Alternative,Safe and Sound,Alternative,She'll Never Be Your Man,Alternative,Ghosts,Alternative,Killing Birds,Alternative,Billie Jean,Alternative,Scar On the Sky,Alternative,Your Soul Today,Alternative,Chris Cornell
271,Revelations,Revelations,Alternative,One and the Same,Alternative,Sound of a Gun,Alternative,Until We Fall,Alternative,Original Fire,Alternative,Broken City,Alternative,Somedays,Alternative,Shape of Things to Come,Alternative,Jewel of the Summertime,Alternative,Wide Awake,Alternative,Audioslave
272,Adorate Deum: Gregorian Chant from the Proper of the Mass,Intoitus: Adorate Deum,Classical,,,,,,,,,,,,,,,,,,,Alberto Turco & Nova Schola Gregoriana
273,Allegri: Miserere,"Miserere mei, Deus",Classical,,,,,,,,,,,,,,,,,,,"Richard Marlow & The Choir of Trinity College, Cambridge"
274,Pachelbel: Canon & Gigue,Canon and Gigue in D Major: I. Canon,Classical,,,,,,,,,,,,,,,,,,,English Concert & Trevor Pinnock
275,Vivaldi: The Four Seasons,"Concerto No. 1 in E Major, RV 269 ""Spring"": I. Allegro",Classical,,,,,,,,,,,,,,,,,,,"Anne-Sophie Mutter, Herbert Von Karajan & Wiener Philharmoniker"
276,Bach: Violin Concertos,"Concerto for 2 Violins in D Minor, BWV 1043: I. Vivace",Classical,,,,,,,,,,,,,,,,,,,"Hilary Hahn, Jeffrey Kahane, Los Angeles Chamber Orchestra & Margaret Batjer"
277,Bach: Goldberg Variations,"Aria Mit 30 Veränderungen, BWV 988 ""Goldberg Variations"": Aria",Classical,,,,,,,,,,,,,,,,,,,Wilhelm Kempff
278,Bach: The Cello Suites,"Suite for Solo Cello No. 1 in G Major, BWV 1007: I. Prélude",Classical,,,,,,,,,,,,,,,,,,,Yo-Yo Ma
279,Handel: The Messiah (Highlights),"The Messiah: Behold, I Tell You a Mystery... The Trumpet Shall Sound",Classical,,,,,,,,,,,,,,,,,,,Scholars Baroque Ensemble
280,The World of Classical Favourites,Solomon HWV 67: The Arrival of the Queen of Sheba,Classical,Fantasia On Greensleeves,Classical,,,,,,,,,,,,,,,,,Academy of St. Martin in the Fields & Sir Neville Marriner
281,Sir Neville Marriner: A Celebration,"""Eine Kleine Nachtmusik"" Serenade In G, K. 525: I. Allegro",Classical,,,,,,,,,,,,,,,,,,,Academy of St. Martin in the Fields Chamber Ensemble & Sir Neville Marriner
282,Mozart: Wind Concertos,"Concerto for Clarinet in A Major, K. 622: II. Adagio",Classical,,,,,,,,,,,,,,,,,,,"Berliner Philharmoniker, Claudio Abbado & Sabine Meyer"
283,Haydn: Symphonies 99 - 104,"Symphony No. 104 in D Major ""London"": IV. Finale: Spiritoso",Classical,,,,,,,,,,,,,,,,,,,Royal Philharmonic Orchestra & Sir Thomas Beecham
284,Beethoven: Symhonies Nos. 5 & 6,Symphony No.5 in C Minor: I. Allegro con brio,Classical,,,,,,,,,,,,,,,,,,,Orchestre Révolutionnaire et Romantique & John Eliot Gardiner
285,A Soprano Inspired,Ave Maria,Classical,,,,,,,,,,,,,,,,,,,"Britten Sinfonia, Ivor Bolton & Lesley Garrett"
286,Great Opera Choruses,"Nabucco: Chorus, ""Va, Pensiero, Sull'ali Dorate""",Classical,,,,,,,,,,,,,,,,,,,"Chicago Symphony Chorus, Chicago Symphony Orchestra & Sir Georg Solti"
287,Wagner: Favourite Overtures,Die Walküre: The Ride of the Valkyries,Classical,,,,,,,,,,,,,,,,,,,Sir Georg Solti & Wiener Philharmoniker
288,"Fauré: Requiem, Ravel: Pavane & Others","Requiem, Op.48: 4. Pie Jesu",Classical,,,,,,,,,,,,,,,,,,,"Academy of St. Martin in the Fields, John Birch, Sir Neville Marriner & Sylvia McNair"
289,Tchaikovsky: The Nutcracker,"The Nutcracker, Op. 71a, Act II: Scene 14: Pas de deux: Dance of the Prince & the Sugar-Plum Fairy",Classical,,,,,,,,,,,,,,,,,,,London Symphony Orchestra & Sir Charles Mackerras
290,The Last Night of the Proms,"Nimrod (Adagio) from Variations On an Original Theme, Op. 36 ""Enigma""",Classical,,,,,,,,,,,,,,,,,,,Barry Wordsworth & BBC Concert Orchestra
291,Puccini: Madama Butterfly - Highlights,Madama Butterfly: Un Bel Dì Vedremo,Classical,,,,,,,,,,,,,,,,,,,"Herbert Von Karajan, Mirella Freni & Wiener Philharmoniker"
292,"Holst: The Planets, Op. 32 & Vaughan Williams: Fantasies","Jupiter, the Bringer of Jollity",Classical,,,,,,,,,,,,,,,,,,,Eugene Ormandy
293,Pavarotti's Opera Made Easy,"Turandot, Act III, Nessun dorma!",Classical,,,,,,,,,,,,,,,,,,,Luciano Pavarotti
294,Great Performances - Barber's Adagio and Other Romantic Favorites for Strings,"Adagio for Strings from the String Quartet, Op. 11",Classical,,,,,,,,,,,,,,,,,,,Leonard Bernstein & New York Philharmonic
295,Carmina Burana,Carmina Burana: O Fortuna,Classical,,,,,,,,,,,,,,,,,,,Boston Symphony Orchestra & Seiji Ozawa
296,"A Copland Celebration, Vol. I",Fanfare for the Common Man,Classical,,,,,,,,,,,,,,,,,,,Aaron Copland & London Symphony Orchestra
297,Bach: Toccata & Fugue in D Minor,"Toccata and Fugue in D Minor, BWV 565: I. Toccata",Classical,,,,,,,,,,,,,,,,,,,Ton Koopman
298,Prokofiev: Symphony No.1,"Symphony No.1 in D Major, Op.25 ""Classical"", Allegro Con Brio",Classical,,,,,,,,,,,,,,,,,,,Sergei Prokofiev & Yuri Temirkanov
299,Scheherazade,"Scheherazade, Op. 35: I. The Sea and Sindbad's Ship",Classical,,,,,,,,,,,,,,,,,,,Chicago Symphony Orchestra & Fritz Reiner
300,Bach: The Brandenburg Concertos,"Concerto No.2 in F Major, BWV1047, I. Allegro",Classical,,,,,,,,,,,,,,,,,,,Orchestra of The Age of Enlightenment
301,Chopin: Piano Concertos Nos. 1 & 2,"Concerto for Piano No. 2 in F Minor, Op. 21: II. Larghetto",Classical,,,,,,,,,,,,,,,,,,,"Emanuel Ax, Eugene Ormandy & Philadelphia Orchestra"
302,Mascagni: Cavalleria Rusticana,Cavalleria Rusticana \ Act \ Intermezzo Sinfonico,Classical,,,,,,,,,,,,,,,,,,,James Levine
303,Sibelius: Finlandia,"Karelia Suite, Op.11: 2. Ballade (Tempo Di Menuetto)",Classical,,,,,,,,,,,,,,,,,,,Berliner Philharmoniker & Hans Rosbaud
304,Beethoven Piano Sonatas: Moonlight & Pastorale,"Piano Sonata No. 14 in C Sharp Minor, Op. 27, No. 2, ""Moonlight"": I. Adagio sostenuto",Classical,,,,,,,,,,,,,,,,,,,Maurizio Pollini
305,Great Recordings of the Century - Mahler: Das Lied von der Erde,"Das Lied Von Der Erde, Von Der Jugend",Classical,,,,,,,,,,,,,,,,,,,Gustav Mahler
306,Elgar: Cello Concerto & Vaughan Williams: Fantasias,"Concerto for Cello and Orchestra in E minor, Op. 85: I. Adagio - Moderato",Classical,,,,,,,,,,,,,,,,,,,"Felix Schmidt, London Symphony Orchestra & Rafael Frühbeck de Burgos"
307,"Adams, John: The Chairman Dances",Two Fanfares for Orchestra: II. Short Ride in a Fast Machine,Classical,,,,,,,,,,,,,,,,,,,Edo de Waart & San Francisco Symphony
308,"Tchaikovsky: 1812 Festival Overture, Op.49, Capriccio Italien & Beethoven: Wellington's Victory","Wellington's Victory or the Battle Symphony, Op.91: 2. Symphony of Triumph",Classical,,,,,,,,,,,,,,,,,,,Antal Doráti & London Symphony Orchestra
309,Palestrina: Missa Papae Marcelli & Allegri: Miserere,Missa Papae Marcelli: Kyrie,Classical,,,,,,,,,,,,,,,,,,,Choir Of Westminster Abbey & Simon Preston
310,Prokofiev: Romeo & Juliet,Romeo et Juliette: No. 11 - Danse des Chevaliers,Classical,,,,,,,,,,,,,,,,,,,Michael Tilson Thomas & San Francisco Symphony
311,Strauss: Waltzes,On the Beautiful Blue Danube,Classical,,,,,,,,,,,,,,,,,,,Eugene Ormandy
312,Berlioz: Symphonie Fantastique,"Symphonie Fantastique, Op. 14: V. Songe d'une nuit du sabbat",Classical,,,,,,,,,,,,,,,,,,,Michael Tilson Thomas & San Francisco Symphony
313,Bizet: Carmen Highlights,Carmen: Overture,Classical,,,,,,,,,,,,,,,,,,,"Chor der Wiener Staatsoper, Herbert Von Karajan & Wiener Philharmoniker"
314,English Renaissance,"Lamentations of Jeremiah, First Set \ Incipit Lamentatio",Classical,Sing Joyfully,Classical,,,,,,,,,,,,,,,,,The King's Singers
315,Handel: Music for the Royal Fireworks (Original Version 1749),"Music for the Royal Fireworks, HWV351 (1749): La Réjouissance",Classical,,,,,,,,,,,,,,,,,,,English Concert & Trevor Pinnock
316,Grieg: Peer Gynt Suites & Sibelius: Pelléas et Mélisande,"Peer Gynt Suite No.1, Op.46: 1. Morning Mood",Classical,,,,,,,,,,,,,,,,,,,Berliner Philharmoniker & Herbert Von Karajan
317,Mozart Gala: Famous Arias,"Die Zauberflöte, K.620: ""Der Hölle Rache Kocht in Meinem Herze""",Opera,,,,,,,,,,,,,,,,,,,"Sir Georg Solti, Sumi Jo & Wiener Philharmoniker"
318,SCRIABIN: Vers la flamme,"SCRIABIN: Prelude in B Major, Op. 11, No. 11",Classical,,,,,,,,,,,,,,,,,,,Christopher O'Riley
319,Armada: Music from the Courts of England and Spain,"Pavan, Lachrimae Antiquae",Classical,,,,,,,,,,,,,,,,,,,Fretwork
320,Mozart: Symphonies Nos. 40 & 41,"Symphony No. 41 in C Major, K. 551, ""Jupiter"": IV. Molto allegro",Classical,,,,,,,,,,,,,,,,,,,Berliner Philharmoniker & Herbert Von Karajan
321,Back to Black,Rehab,R&B/Soul,You Know I'm No Good,R&B/Soul,Me & Mr. Jones,R&B/Soul,Just Friends,R&B/Soul,Back to Black,R&B/Soul,Love Is a Losing Game,R&B/Soul,Tears Dry On Their Own,R&B/Soul,Wake Up Alone,R&B/Soul,Some Unholy War,R&B/Soul,He Can Only Hold Her,R&B/Soul,Amy Winehouse
322,Frank,Intro / Stronger Than Me,Pop,You Sent Me Flying / Cherry,Pop,F**k Me Pumps,Pop,I Heard Love Is Blind,Pop,(There Is) No Greater Love (Teo Licks),Pop,In My Bed,Pop,Take the Box,Pop,October Song,Pop,What Is It About Men,Pop,Help Yourself,Pop,Amy Winehouse
323,Carried to Dust (Bonus Track Version),Slowness,Alternative,,,,,,,,,,,,,,,,,,,Calexico
324,Beethoven: Symphony No. 6 'Pastoral' Etc.,"Prometheus Overture, Op. 43",Classical,,,,,,,,,,,,,,,,,,,Otto Klemperer & Philharmonia Orchestra
325,Bartok: Violin & Viola Concertos,Sonata for Solo Violin: IV: Presto,Classical,,,,,,,,,,,,,,,,,,,Yehudi Menuhin
326,Mendelssohn: A Midsummer Night's Dream,"A Midsummer Night's Dream, Op.61 Incidental Music: No.7 Notturno",Classical,,,,,,,,,,,,,,,,,,,Philharmonia Orchestra & Sir Neville Marriner
327,Bach: Orchestral Suites Nos. 1 - 4,"Suite No. 3 in D, BWV 1068: III. Gavotte I & II",Classical,,,,,,,,,,,,,,,,,,,"Academy of St. Martin in the Fields, Sir Neville Marriner & Thurston Dart"
328,"Charpentier: Divertissements, Airs & Concerts","Concert pour 4 Parties de V**les, H. 545: I. Prelude",Classical,,,,,,,,,,,,,,,,,,,Les Arts Florissants & William Christie
329,South American Getaway,Adios nonino,Classical,,,,,,,,,,,,,,,,,,,The 12 Cellists of The Berlin Philharmonic
330,Górecki: Symphony No. 3,"Symphony No. 3 Op. 36 for Orchestra and Soprano ""Symfonia Piesni Zalosnych"" \ Lento E Largo - Tranquillissimo",Classical,,,,,,,,,,,,,,,,,,,Adrian Leaper & Doreen de Feis
331,Purcell: The Fairy Queen,"Act IV, Symphony",Classical,,,,,,,,,,,,,,,,,,,"Roger Norrington, London Classical Players"
332,The Ultimate Relexation Album,"3 Gymnopédies: No.1 - Lent Et Grave, No.3 - Lent Et Douloureux",Classical,,,,,,,,,,,,,,,,,,,Charles Dutoit & L'Orchestre Symphonique de Montréal
333,Purcell: Music for the Queen Mary,"Music for the Funeral of Queen Mary: VI. ""Thou Knowest, Lord, the Secrets of Our Hearts""",Classical,,,,,,,,,,,,,,,,,,,"Equale Brass Ensemble, John Eliot Gardiner & Munich Monteverdi Orchestra and Choir"
334,Weill: The Seven Deadly Sins,Symphony No. 2: III. Allegro vivace,Classical,,,,,,,,,,,,,,,,,,,Kent Nagano and Orchestre de l'Opéra de Lyon
335,"J.S. Bach: Chaconne, Suite in E Minor, Partita in E Major & Prelude, Fugue and Allegro","Partita in E Major, BWV 1006A: I. Prelude",Classical,,,,,,,,,,,,,,,,,,,Julian Bream
336,Prokofiev: Symphony No.5 & Stravinksy: Le Sacre Du Printemps,Le Sacre Du Printemps: I.iv. Spring Rounds,Classical,,,,,,,,,,,,,,,,,,,Berliner Philharmoniker & Herbert Von Karajan
337,"Szymanowski: Piano Works, Vol. 1","Metopes, Op. 29: Calypso",Classical,,,,,,,,,,,,,,,,,,,Martin Roscoe
338,Nielsen: The Six Symphonies,"Symphony No. 2, Op. 16 -  ""The Four Temperaments"": II. Allegro Comodo e Flemmatico",Classical,,,,,,,,,,,,,,,,,,,Göteborgs Symfoniker & Neeme Järvi
339,Great Recordings of the Century: Paganini's 24 Caprices,"24 Caprices, Op. 1, No. 24, for Solo Violin, in A Minor",Classical,,,,,,,,,,,,,,,,,,,Itzhak Perlman
340,Liszt - 12 Études D'Execution Transcendante,"Étude 1, In C Major - Preludio (Presto) - Liszt",Classical,,,,,,,,,,,,,,,,,,,Michele Campanella
341,"Great Recordings of the Century - Shubert: Schwanengesang, 4 Lieder","Erlkonig, D.328",Classical,,,,,,,,,,,,,,,,,,,Gerald Moore
342,"Locatelli: Concertos for Violin, Strings and Continuo, Vol. 3","Concerto for Violin, Strings and Continuo in G Major, Op. 3, No. 9: I. Allegro",Classical,,,,,,,,,,,,,,,,,,,"Mela Tenenbaum, Pro Musica Prague & Richard Kapp"
343,Respighi:Pines of Rome,Pini Di Roma (Pinien Von Rom) \ I Pini Della Via Appia,Classical,,,,,,,,,,,,,,,,,,,Eugene Ormandy
344,Schubert: The Late String Quartets & String Quintet (3 CD's),"String Quartet No. 12 in C Minor, D. 703 ""Quartettsatz"": II. Andante - Allegro assai",Classical,,,,,,,,,,,,,,,,,,,Emerson String Quartet
345,Monteverdi: L'Orfeo,"L'orfeo, Act 3, Sinfonia (Orchestra)",Classical,,,,,,,,,,,,,,,,,,,"C. Monteverdi, Nigel Rogers - Chiaroscuro; London Baroque; London Cornett & Sackbu"
346,Mozart: Chamber Music,"Quintet for Horn, Violin, 2 Violas, and Cello in E Flat Major, K. 407/386c: III. Allegro",Classical,,,,,,,,,,,,,,,,,,,Nash Ensemble
347,Koyaanisqatsi (Soundtrack from the Motion Picture),Koyaanisqatsi,Soundtrack,,,,,,,,,,,,,,,,,,,Philip Glass Ensemble
